Organisation unit name,MFL- County Name,MFL- Facility Code,MFL- Facility Name,MFL- Facility Ownership,MFL- Facility Type,MFL-Coordinates,MFL-District Code,MFL-Facility Operating Status,MFL-Funding Source,MFL-Location,MFL-Region,MFL-Reporting Status
NorweinTimbo District,RiverCess,LBR-36-3606-04,Inland Mission Clinic,Faith Based,Clinic,"[-9.617720,5.681347]",3606,Active,Donor,Rural,South Central Region,Reporting
NorweinTimbo District,RiverCess,LBR-36-3606-05,Open Bible Society Mission Clinic,Faith Based,Clinic,"[-9.618530,5.520130]",3606,Active,Donor,Rural,South Central Region,Reporting
NorweinTimbo District,RiverCess,LBR-36-3606-06,Timbo Compound Clinic,Public,Clinic,"[-9.718930,5.567840]",3606,Active,GOL,Rural,South Central Region,Reporting
NorweinTimbo District,RiverCess,LBR-36-3606-02,Charlie's Town Clinic,Public,Clinic,"[-9.620490,5.663360]",3606,Active,GOL,Rural,South Central Region,Reporting
NorweinTimbo District,RiverCess,LBR-36-3606-01,St Francis Hospital,Public,Hospital,"[-9.580238,5.470344]",3606,Active,GOL,Rural,South Central Region,Reporting
NorweinTimbo District,RiverCess,LBR-36-3606-03,Fen-River Clinic,Public,Clinic,"[-9.631334,5.604217]",3606,Active,GOL,Rural,South Central Region,Reporting
B'Hai District,Grand Gedeh,LBR-15-1514-02,Duogee Clinic,Public,Clinic,"[-8.520930,6.266660]",1514,Active,GOL,Rural,Southeastern A Region,Reporting
B'Hai District,Grand Gedeh,LBR-15-1514-01,B'hai Tarway Town Clinic,Public,Clinic,"[-8.618680,6.439378]",1514,Active,GOL,Rural,Southeastern A Region,Reporting
B'Hai District,Grand Gedeh,LBR-15-1514-03,Toe Town Clinic,Public,Clinic,"[-8.555700,6.409030]",1514,Active,GOL,Rural,Southeastern A Region,Reporting
Barclayville District,Grand Kru,LBR-18-1828-01,Rally Time Hospital,Public,Hospital,"[-8.221880,4.575200]",1828,Active,GOL,Rural,Southeastern B Region,Reporting
Barclayville District,Grand Kru,LBR-18-1828-02,Barclayville Health Center,Public,Health Center,"[-8.232900,4.672340]",1828,Active,GOL,Rural,Southeastern B Region,Reporting
Barclayville District,Grand Kru,LBR-18-1828-03,Gbalakpo Clinic,Public,Clinic,"[-8.157780,4.708610]",1828,Active,GOL,Rural,Southeastern B Region,Reporting
Barclayville District,Grand Kru,LBR-18-1828-04,Gbanken Clinic,Public,Clinic,"[-8.116770,4.632320]",1828,Active,GOL,Rural,Southeastern B Region,Reporting
Barclayville District,Grand Kru,LBR-18-1828-05,Juduken Clinic,Public,Clinic,"[-8.040490,4.607320]",1828,Active,GOL,Rural,Southeastern B Region,Reporting
Barclayville District,Grand Kru,LBR-18-1828-06,Picnicess Clinic,Public,Clinic,"[-8.302490,4.622560]",1828,Active,GOL,Rural,Southeastern B Region,Reporting
Barrobo Farjah District,Maryland,LBR-27-2704-01,Feloken Clinic,Public,Clinic,"[-7.866210,5.067280]",2704,Active,GOL,Rural,Southeastern B Region,Reporting
Barrobo Farjah District,Maryland,LBR-27-2704-02,Gbarwiliken Clinic,Public,Clinic,"[-7.849430,4.990400]",2704,Active,GOL,Rural,Southeastern B Region,Reporting
Barrobo Whojah District,Maryland,LBR-27-2702-02,Juduken Clinic,Public,Clinic,"[-7.943330,5.042500]",2702,Active,GOL,Rural,Southeastern B Region,Reporting
Barrobo Whojah District,Maryland,LBR-27-2702-01,Glofarken Clinic,Public,Clinic,"[-7.897961,4.948739]",2702,Active,GOL,Rural,Southeastern B Region,Reporting
Barrobo Whojah District,Maryland,LBR-27-2702-03,Newaken Clinic,Public,Clinic,"[-7.906850,4.838430]",2702,Active,GOL,Rural,Southeastern B Region,Reporting
Belleh District,Gbarpolu,LBR-45-4504-01,Fasama Clinic (Bade),Public,Clinic,"[-9.999440,7.522220]",4504,Active,GOL,Rural,Northwestern Region,Reporting
Belleh District,Gbarpolu,LBR-45-4504-02,Kondesu Clinic,Public,Clinic,"[-9.987896,7.137683]",4504,Active,GOL,Rural,Northwestern Region,Reporting
Boe & Quilla District,Nimba,LBR-33-3320-02,Graie Clinic,Public,Clinic,"[-8.771040,6.708190]",3320,Active,GOL,Rural,North Central Region,Reporting
Boe & Quilla District,Nimba,LBR-33-3320-01,Bonlay Clinic,Public,Clinic,"[-8.547730,6.823370]",3320,Active,GOL,Rural,North Central Region,Reporting
Boe & Quilla District,Nimba,LBR-33-3320-05,Zuaplay Clinic,Public,Clinic,"[-8.874870,6.741330]",3320,Active,GOL,Rural,North Central Region,Reporting
Boe & Quilla District,Nimba,LBR-33-3320-04,Toweh Town Clinic,Public,Clinic,"[-8.667320,6.794610]",3320,Active,GOL,Rural,North Central Region,Reporting
Boe & Quilla District,Nimba,LBR-33-3320-03,New Yourpea Clinic,Public,Clinic,"[-8.486430,6.725430]",3320,Active,GOL,Rural,North Central Region,Reporting
Boe & Quilla District,Nimba,LBR-33-3320-06,Zuolay Clinic,Public,Clinic,"[-8.791670,6.674720]",3320,Active,GOL,Rural,North Central Region,Reporting
Boe & Quilla District,Nimba,LBR-33-3320-07,Ma Gartay Memorial Clinic,Public,Clinic,"[-8.814167,7.399722]",3320,Active,GOL,Rural,North Central Region,Reporting
Bokomu District,Gbarpolu,LBR-45-4506-02,Gbangay Clinic,Public,Clinic,"[-10.308640,7.184600]",4506,Active,GOL,Rural,Northwestern Region,Reporting
Bokomu District,Gbarpolu,LBR-45-4506-03,Kpayeakwelleh Clinic,Public,Clinic,"[-10.108365,7.667790]",4506,Active,GOL,Rural,Northwestern Region,Reporting
Bokomu District,Gbarpolu,LBR-45-4506-01,Forkpata Clinic,Public,Clinic,"[-10.048102,7.317710]",4506,Active,GOL,Rural,Northwestern Region,Reporting
Bokomu District,Gbarpolu,LBR-45-4506-04,Morlarkwelleh Clinic,Public,Clinic,"[-10.152283,7.189764]",4506,Active,GOL,Rural,Northwestern Region,Reporting
Bopolu District,Gbarpolu,LBR-45-4508-01,Emirates Hospital,Public,Hospital,"[-10.489158,7.058662]",4508,Active,GOL,Urband,Northwestern Region,Reporting
Bopolu District,Gbarpolu,LBR-45-4508-02,Bambuta Clinic,Public,Clinic,"[-10.545160,6.955590]",4508,Active,GOL,Rural,Northwestern Region,Reporting
Bopolu District,Gbarpolu,LBR-45-4508-03,Gbaryamah Clinic,Public,Clinic,"[-10.626980,7.021780]",4508,Active,GOL,Rural,Northwestern Region,Reporting
Bopolu District,Gbarpolu,LBR-45-4508-04,Gokallah Clinic,Public,Clinic,"[-10.632780,6.927860]",4508,Active,GOL,Rural,Northwestern Region,Reporting
Bopolu District,Gbarpolu,LBR-45-4508-05,Henry Town Clinic,Public,Clinic,"[-10.351050,7.268500]",4508,Active,GOL,Rural,Northwestern Region,Reporting
Bopolu District,Gbarpolu,LBR-45-4508-06,Totoquelle Clinic,Public,Clinic,"[-10.401650,7.051680]",4508,Active,GOL,Rural,Northwestern Region,Reporting
Buah District,Grand Kru,LBR-18-1822-01,Buah Health Center,Public,Health Center,"[-8.166020,4.943810]",1822,Active,GOL,Rural,Southeastern B Region,Reporting
Buah District,Grand Kru,LBR-18-1822-02,Dwehkun Clinic,Public,Clinic,"[-8.098895,5.057303]",1822,Active,GOL,Rural,Southeastern B Region,Reporting
Buah District,Grand Kru,LBR-18-1822-03,Ponnoken Clinic,Public,Clinic,"[-8.185112,5.079180]",1822,Active,GOL,Rural,Southeastern B Region,Reporting
Buah District,Grand Kru,LBR-18-1822-04,Tarlu Clinic,Public,Clinic,"[-8.195025,4.918565]",1822,Active,GOL,Rural,Southeastern B Region,Reporting
Buchanan District,Grand Bassa,LBR-09-0912-15,Well Baby,Public,Clinic,"[-10.034220,5.885330]",0912,Active,GOL,Rural,South Central Region,Reporting
Buchanan District,Grand Bassa,LBR-09-0912-08,Camphor Mission Clinic,Faith Based,Clinic,"[-9.914870,5.918400]",0912,Active,Donor,Rural,South Central Region,Reporting
Buchanan District,Grand Bassa,LBR-09-0912-01,Liberia Government Hospital (Buchanan),Public,Hospital,"[-10.045990,5.884250]",0912,Active,GOL,Urband,South Central Region,Reporting
Buchanan District,Grand Bassa,LBR-09-0912-09,Christian Extension Ministry Clinic,Faith Based,Clinic,"[-10.042250,5.879140]",0912,Active,Donor,Urband,South Central Region,Reporting
Bushrod District,Montserrado,LBR-30-3010-35,Graystone Clinic,Private,Clinic,"[-10.810430,6.317630]",3010,Active,Private,Urband,South Central Region,Reporting
Buchanan District,Grand Bassa,LBR-09-0912-02,Steven Tolbert Memorial Hospital (ArcelorMittal),Concession,Hospital,"[-10.027500,5.871030]",0912,Active,Donor,Urband,South Central Region,Reporting
Buchanan District,Grand Bassa,LBR-09-0912-12,Praise Medico Surgical Clinic,Private,Clinic,"[-10.050926,5.877646]",0912,Active,Private,Urband,South Central Region,Reporting
Buchanan District,Grand Bassa,LBR-09-0912-13,Samuel David Medical Clinic (SDMC),Private,Clinic,"[-10.039644,5.884200]",0912,Active,Private,Urband,South Central Region,Reporting
Buchanan District,Grand Bassa,LBR-09-0912-03,St Peter Claver Catholic Health Center,Faith Based,Health Center,"[-10.042460,5.877340]",0912,Active,Donor,Urband,South Central Region,Reporting
Buchanan District,Grand Bassa,LBR-09-0912-05,African Christian Fellowship International Clinic,Faith Based,Clinic,"[-10.024140,5.896840]",0912,Active,Donor,Urband,South Central Region,Reporting
Buchanan District,Grand Bassa,LBR-09-0912-14,Tubmanville Clinic,Public,Clinic,"[-9.900470,6.007620]",0912,Active,GOL,Rural,South Central Region,Reporting
Buchanan District,Grand Bassa,LBR-09-0912-04,Barconnie Clinic,Public,Clinic,"[-10.003457,5.813270]",0912,Active,GOL,Rural,South Central Region,Reporting
Bushrod District,Montserrado,LBR-30-3010-01,Redemption Hospital,Public,Hospital,"[-10.791999,6.369845]",3010,Active,GOL,Urband,South Central Region,Reporting
Bushrod District,Montserrado,LBR-30-3010-40,Last Hope Clinic,Private,Clinic,"[-10.786612,6.371656]",3010,Active,Private,Urband,South Central Region,Reporting
Bushrod District,Montserrado,LBR-30-3010-34,Gloring clinic,Private,Clinic,"[-10.787336,6.372109]",3010,Active,Private,Urband,South Central Region,Reporting
Bushrod District,Montserrado,LBR-30-3010-41,Liberia Albino clinic,Public,Clinic,"[-10.782075,6.350020]",3010,Active,GOL,Urband,South Central Region,Reporting
Bushrod District,Montserrado,LBR-30-3010-42,Liberia Coast Guard Clinic,Public,Clinic,"[-10.791614,6.361233]",3010,Active,GOL,Urband,South Central Region,Reporting
Bushrod District,Montserrado,LBR-30-3010-63,Slipway Clinic,Public,Clinic,"[-10.804720,6.312000]",3010,Active,GOL,Urband,South Central Region,Reporting
Bushrod District,Montserrado,LBR-30-3010-36,Islamic Medical Surgical Clinic,Private,Clinic,"[-10.788251,6.363499]",3010,Active,Private,Urband,South Central Region,Reporting
Bushrod District,Montserrado,LBR-30-3010-17,Carter Center LMA Market School-Based Clinic,Public,Clinic,,3010,Active,GOL,Urband,South Central Region,Reporting
Bushrod District,Montserrado,LBR-30-3010-05,Bishop John Collins Health Center,Private,Health Center,"[-10.780770,6.353200]",3010,Active,Private,Urband,South Central Region,Reporting
Bushrod District,Montserrado,LBR-30-3010-07,Al-halal Medical Clinic,Private,Clinic,"[-10.785964,6.344298]",3010,Active,Private,Urband,South Central Region,Reporting
Bushrod District,Montserrado,LBR-30-3010-06,Ahmadiyya Mission Muslim Clinic,Private,Clinic,"[-10.787408,6.335502]",3010,Active,Private,Urband,South Central Region,Reporting
Bushrod District,Montserrado,LBR-30-3010-10,Anthony Medical Clinic,Private,Clinic,"[-10.746559,6.392017]",3010,Active,Private,Urband,South Central Region,Reporting
Bushrod District,Montserrado,LBR-30-3010-15,Bushrod Island Community Clinic,Public,Clinic,"[-10.785700,6.344390]",3010,Active,GOL,Urband,South Central Region,Reporting
Bushrod District,Montserrado,LBR-30-3010-09,Anatah Medical  Clinic,Private,Clinic,"[-10.808145,6.317824]",3010,Active,Private,Urband,North Central Region,Reporting
Bushrod District,Montserrado,LBR-30-3010-44,Ma- Yanlla Clinic,Private,Clinic,"[-10.787754,6.344468]",3010,Active,Private,Urband,South Central Region,Reporting
Bushrod District,Montserrado,LBR-30-3010-18,Cemenco Clinic,Private,Clinic,"[-10.787765,6.340198]",3010,Active,Private,Urband,South Central Region,Reporting
Bushrod District,Montserrado,LBR-30-3010-20,Coral Clinic,Private,Clinic,"[-10.791599,6.375052]",3010,Active,Private,Urband,South Central Region,Reporting
Bushrod District,Montserrado,LBR-30-3010-21,Cynthia Nelson Clinic,Private,Clinic,"[-10.777828,6.365933]",3010,Active,Private,Urband,South Central Region,Reporting
Bushrod District,Montserrado,LBR-30-3010-22,Dae Dorbor Clinic,Public,Clinic,"[-10.614240,6.446880]",3010,Active,GOL,Urband,South Central Region,Reporting
Bushrod District,Montserrado,LBR-30-3010-24,Divine Comm Clinic,Private,Clinic,"[-10.771638,6.369402]",3010,Active,Private,Urband,South Central Region,Reporting
Bushrod District,Montserrado,LBR-30-3010-27,Dr. Salman's Clinic,Private,Clinic,"[-10.808148,6.313618]",3010,Active,Private,Urband,South Central Region,Reporting
Bushrod District,Montserrado,LBR-30-3010-19,City Lab Clinic,Private,Clinic,"[-10.809953,6.316578]",3010,Active,Private,Urband,South Central Region,Reporting
Bushrod District,Montserrado,LBR-30-3010-23,Devine Touch Clinic,Private,Clinic,"[-10.795270,6.375519]",3010,Active,Private,Urband,South Central Region,Reporting
Bushrod District,Montserrado,LBR-30-3010-28,Dr. Torbor's Clinic,Private,Clinic,"[-10.807513,6.318258]",3010,Active,Private,Urband,South Central Region,Reporting
Bushrod District,Montserrado,LBR-30-3010-03,Clara Town Health Center,Public,Health Center,"[-10.799190,6.330230]",3010,Active,GOL,Urband,South Central Region,Reporting
Bushrod District,Montserrado,LBR-30-3010-29,Eulysa Clinic,Private,Clinic,"[-10.773966,6.337878]",3010,Active,Private,Urband,South Central Region,Reporting
Bushrod District,Montserrado,LBR-30-3010-38,Jerry Donso Clinic,Private,Clinic,"[-10.791411,6.365761]",3010,Active,Private,Urband,South Central Region,Reporting
Bushrod District,Montserrado,LBR-30-3010-39,Kamah Memorial Clinic,Private,Clinic,"[-10.787164,6.374114]",3010,Active,Private,Urband,South Central Region,Reporting
Bushrod District,Montserrado,LBR-30-3010-30,Father James Lee Maternity Clinic,Faith Based,Clinic,"[-10.756550,6.390900]",3010,Active,Donor,Urband,South Central Region,Reporting
Bushrod District,Montserrado,LBR-30-3010-32,Fountain of Life Clinic,Private,Clinic,"[-10.750246,6.392570]",3010,Active,Private,Urband,South Central Region,Reporting
Bushrod District,Montserrado,LBR-30-3010-46,Markue Medical Laboratory Clinic,Private,Clinic,"[-10.784866,6.354518]",3010,Active,Private,Urband,South Central Region,Reporting
Bushrod District,Montserrado,LBR-30-3010-47,Mawah Health Center,Private,Health Center,"[-10.800692,6.324530]",3010,Active,Private,Urband,South Central Region,Reporting
Bushrod District,Montserrado,LBR-30-3010-48,Medical Consultants Associates (MALAG) Clinic,Private,Clinic,"[-10.807551,6.318126]",3010,Active,Private,Urband,South Central Region,Reporting
Bushrod District,Montserrado,LBR-30-3010-50,Mercy Medical Clinic,Private,Clinic,"[-10.819408,6.384753]",3010,Active,Private,Urband,South Central Region,Reporting
Bushrod District,Montserrado,LBR-30-3010-53,National Port Authority Clinic,Private,Clinic,"[-10.795232,6.336773]",3010,Active,Private,Urband,South Central Region,Reporting
Bushrod District,Montserrado,LBR-30-3010-52,Musash Medical Clinic,Private,Clinic,"[-10.782189,6.382759]",3010,Active,Private,Urband,South Central Region,Reporting
Bushrod District,Montserrado,LBR-30-3010-59,Renaissance Maternity Clinic,Private,Clinic,"[-10.747792,6.380001]",3010,Active,Private,Urband,South Central Region,Reporting
Bushrod District,Montserrado,LBR-30-3010-51,Mother and Child,Private,Clinic,"[-10.775310,6.375440]",3010,Active,Private,Urband,South Central Region,Reporting
Bushrod District,Montserrado,LBR-30-3010-64,Snapper Hill Clinic,Private,Clinic,"[-10.809211,6.319666]",3010,Active,Private,Urband,South Central Region,Reporting
Bushrod District,Montserrado,LBR-30-3010-11,Ark Medical Clinic,Private,Clinic,,3010,Active,Private,Urband,South Central Region,Reporting
Bushrod District,Montserrado,LBR-30-3010-08,Amagashie Clinic,Private,Clinic,,3010,Active,Private,Urband,South Central Region,Reporting
Bushrod District,Montserrado,LBR-30-3010-12,Asante Clinic,Private,Clinic,,3010,Active,Private,Urband,South Central Region,Reporting
Bushrod District,Montserrado,LBR-30-3010-13,Barclay Medical Clinic,Private,Clinic,,3010,Active,Private,Urband,South Central Region,Reporting
Bushrod District,Montserrado,LBR-30-3010-14,Bishop John Collins Health Center,Private,Health Center,,3010,Active,Private,Urband,South Central Region,Reporting
Bushrod District,Montserrado,LBR-30-3010-16,Caldwell Clinic,Private,Clinic,,3010,Active,Private,Urband,South Central Region,Reporting
Bushrod District,Montserrado,LBR-30-3010-25,Dniyama Out Patient Clinic,Private,Clinic,,3010,Active,Private,Urband,South Central Region,Reporting
Bushrod District,Montserrado,LBR-30-3010-43,Liberia Egyptian Medical Clinic,Private,Clinic,,3010,Active,Private,Urband,South Central Region,Reporting
Bushrod District,Montserrado,LBR-30-3010-26,Dr. Harris Mgt & Service,Private,Clinic,,3010,Active,Private,Urband,South Central Region,Reporting
Bushrod District,Montserrado,LBR-30-3010-49,Medlink International (Kassas) Clinic,Private,Clinic,,3010,Active,Private,Urband,South Central Region,Reporting
Bushrod District,Montserrado,LBR-30-3010-45,Makona Clinic,Private,Clinic,,3010,Active,Private,Urband,South Central Region,Reporting
Bushrod District,Montserrado,LBR-30-3010-04,New Kru Town Health Center,Private,Health Center,,3010,Active,Private,Urband,South Central Region,Reporting
Bushrod District,Montserrado,LBR-30-3010-57,R. B. Clinic,Private,Clinic,,3010,Active,Private,Urband,South Central Region,Reporting
Bushrod District,Montserrado,LBR-30-3010-56,Potter Care Clinic,Private,Clinic,,3010,Active,Private,Urband,South Central Region,Reporting
Bushrod District,Montserrado,LBR-30-3010-58,Raphal Clinic,Private,Clinic,,3010,Active,Private,Urband,South Central Region,Reporting
Bushrod District,Montserrado,LBR-30-3010-54,North Road Merci Clinic,Private,Clinic,,3010,Active,Private,Urband,South Central Region,Reporting
Bushrod District,Montserrado,LBR-30-3010-55,Pacific Medical Lab. Clinic,Private,Clinic,"[-10.807483,6.317630]",3010,Active,Private,Urband,South Central Region,Reporting
Bushrod District,Montserrado,LBR-30-3010-61,Samson Urgent Care Center,Private,Clinic,,3010,Active,Private,Urband,South Central Region,Reporting
Bushrod District,Montserrado,LBR-30-3010-33,Global Pharm  Medical Center,Private,Health Center,,3010,Active,Private,Urband,South Central Region,Reporting
Bushrod District,Montserrado,LBR-30-3010-62,Sekou Ahmadu Camara Memorial and Dental Clinic,Private,Clinic,,3010,Active,Private,Urband,South Central Region,Reporting
Bushrod District,Montserrado,LBR-30-3010-65,Solar Eye Clinic,Private,Clinic,,3010,Active,Private,Urband,South Central Region,Reporting
Bushrod District,Montserrado,LBR-30-3010-70,TKG Med Lab Clinic,Private,Clinic,,3010,Active,Private,Urband,South Central Region,Reporting
Bushrod District,Montserrado,LBR-30-3010-72,Tropical Clinic Annex 1,Private,Clinic,,3010,Active,Private,Urband,South Central Region,Reporting
Bushrod District,Montserrado,LBR-30-3010-67,Stockton Creek Clinic,Private,Clinic,,3010,Active,Private,Urband,South Central Region,Reporting
Bushrod District,Montserrado,LBR-30-3010-02,St. Joseph Catholic Health Center,Faith Based,Health Center,,3010,Active,Donor,Urband,South Central Region,Reporting
Bushrod District,Montserrado,LBR-30-3010-68,T & M Neigbour Clinic,Private,Clinic,,3010,Active,Private,Urband,South Central Region,Reporting
Bushrod District,Montserrado,LBR-30-3010-66,St Paul Bridge Comm,Private,Clinic,,3010,Active,Private,Urband,South Central Region,Reporting
Bushrod District,Montserrado,LBR-30-3010-69,Thumbs Up clinic,Private,Clinic,,3010,Active,Private,Urband,South Central Region,Reporting
Bushrod District,Montserrado,LBR-30-3010-71,Trinity Maternity Clinic,Private,Clinic,,3010,Active,Private,Urband,South Central Region,Reporting
Bushrod District,Montserrado,LBR-30-3010-73,Unity Clinic,Private,Clinic,,3010,Active,Private,Urband,South Central Region,Reporting
Bushrod District,Montserrado,LBR-30-3010-75,Wonjah Smith Memorial Clinic,Private,Clinic,,3010,Active,Private,Urband,South Central Region,Reporting
Bushrod District,Montserrado,LBR-30-3010-76,Zobo Medical Clinic,Private,Clinic,,3010,Active,Private,Urband,South Central Region,Reporting
Bushrod District,Montserrado,LBR-30-3010-74,Vezely Hope Clinic,Private,Clinic,,3010,Active,Private,Urband,South Central Region,Reporting
Bushrod District,Montserrado,LBR-30-3010-31,Firehouse Clinic (John S. Butler Clinic) II,Public,Clinic,,3010,Active,GOL,Urband,South Central Region,Reporting
Bushrod District,Montserrado,LBR-30-3010-77,Star of the Sea Health Center,Faith Based,Health Center,"[-10.804289,6.328595]",3010,Active,Donor,Urband,South Central Region,Reporting
Butaw District,Sinoe,LBR-39-3904-02,Grigsby Farm Clinic,Public,Clinic,"[-9.044722,5.187321]",3904,Active,GOL,Rural,Southeastern A Region,Reporting
Butaw District,Sinoe,LBR-39-3904-01,Butaw Clinic,Public,Clinic,"[-9.069970,5.119440]",3904,Active,GOL,Rural,Southeastern A Region,Reporting
Buu-Yao District,Nimba,LBR-33-3334-01,Zoe Geh Medical Center,Private,Health Center,"[-8.542970,6.937070]",3334,Active,Private,Rural,North Central Region,Reporting
Buu-Yao District,Nimba,LBR-33-3334-02,Buutuo Clinic,Public,Clinic,"[-8.343390,6.830090]",3334,Active,Donor,Rural,North Central Region,Reporting
Buu-Yao District,Nimba,LBR-33-3334-04,Gblalay Clinic,Public,Clinic,"[-8.428600,6.722700]",3334,Active,GOL,Rural,North Central Region,Reporting
Buu-Yao District,Nimba,LBR-33-3334-05,Gbloulay Clinic,Public,Clinic,"[-8.515140,6.894440]",3334,Active,GOL,Rural,North Central Region,Reporting
Buu-Yao District,Nimba,LBR-33-3334-07,Doris Memorial Clinic,Private,Clinic,"[-8.870833,7.011667]",3334,Active,Private,Rural,North Central Region,Reporting
Buu-Yao District,Nimba,LBR-33-3334-08,Ma Martha Medical Clinic,Private,Clinic,"[-8.395010,6.787750]",3334,Active,Private,Rural,North Central Region,Reporting
Buu-Yao District,Nimba,LBR-33-3334-06,Lepula Clinic,Public,Clinic,"[-8.417740,6.979090]",3334,Active,GOL,Rural,North Central Region,Reporting
Buu-Yao District,Nimba,LBR-33-3334-03,Buutuo ULIC Clinic,Faith Based,Clinic,"[-8.368745,6.774671]",3334,Active,Donor,Rural,North Central Region,Reporting
Campwood District,Grand Bassa,LBR-09-0908-01,Senyah Community Clinic,Public,Clinic,"[-9.839980,6.344850]",0908,Active,GOL,Rural,South Central Region,Reporting
Careysburg District,Montserrado,LBR-30-3002-01,Bensonville Hospital,Public,Hospital,"[-10.614329,6.447189]",3002,Active,GOL,Urband,South Central Region,Reporting
Careysburg District,Montserrado,LBR-30-3002-03,"A Refuge Place int'l,",Private,Clinic,"[-10.529593,6.465385]",3002,Active,Private,Rural,South Central Region,Reporting
Careysburg District,Montserrado,LBR-30-3002-02,Kesselee Memorial Health Center,Private,Health Center,"[-10.498323,6.398062]",3002,Active,Private,Rural,South Central Region,Reporting
Careysburg District,Montserrado,LBR-30-3002-04,Camp Sandee Ware Clinic,Private,Clinic,"[-10.542381,6.430196]",3002,Active,Private,Rural,South Central Region,Reporting
Careysburg District,Montserrado,LBR-30-3002-08,Crozierville Clinic,Public,Clinic,"[-10.635770,6.454000]",3002,Active,GOL,Rural,South Central Region,Reporting
Careysburg District,Montserrado,LBR-30-3002-11,Fredai Medical Clinic,Private,Clinic,"[-10.592625,6.388035]",3002,Active,Private,Rural,South Central Region,Reporting
Careysburg District,Montserrado,LBR-30-3002-05,Careysburg Clinic,Public,Clinic,"[-10.547670,6.402257]",3002,Active,GOL,Rural,South Central Region,Reporting
Careysburg District,Montserrado,LBR-30-3002-09,DAFEVA Clinic,Private,Clinic,"[-10.619030,6.374025]",3002,Active,Private,Rural,South Central Region,Reporting
Careysburg District,Montserrado,LBR-30-3002-12,Harrisburg Clinic,Public,Clinic,"[-10.652990,6.489600]",3002,Active,GOL,Rural,South Central Region,Reporting
Careysburg District,Montserrado,LBR-30-3002-14,Kingsville Clinic,Public,Clinic,"[-10.476600,6.424100]",3002,Active,GOL,Rural,South Central Region,Reporting
Careysburg District,Montserrado,LBR-30-3002-15,Liberia Albino Society Clinic Annex II,Public,Clinic,"[-10.603180,6.450590]",3002,Active,GOL,Rural,South Central Region,Reporting
Careysburg District,Montserrado,LBR-30-3002-19,Remedy Health Center,Faith Based,Health Center,"[-10.613168,6.370545]",3002,Active,Donor,Rural,South Central Region,Reporting
Careysburg District,Montserrado,LBR-30-3002-10,Faith Clinic (Carey),Faith Based,Clinic,"[-10.484442,6.401949]",3002,Active,Donor,Rural,South Central Region,Reporting
Careysburg District,Montserrado,LBR-30-3002-20,SARBIL Christian Community Clinic,Private,Clinic,"[-10.587493,6.390262]",3002,Active,Private,Rural,South Central Region,Reporting
Careysburg District,Montserrado,LBR-30-3002-16,Evangelism Ministry Clinic,Faith Based,Clinic,,3002,Active,Donor,Rural,South Central Region,Reporting
Careysburg District,Montserrado,LBR-30-3002-17,Nancy Fayiah Medical Clinic,Private,Clinic,"[-10.614170,6.361162]",3002,Active,Private,Rural,South Central Region,Reporting
Careysburg District,Montserrado,LBR-30-3002-18,Refuge Place,Private,Clinic,"[-10.529120,6.467440]",3002,Active,Private,Rural,South Central Region,Reporting
Careysburg District,Montserrado,LBR-30-3002-22,White Plains Clinic,Public,Clinic,"[-10.610640,6.366020]",3002,Active,GOL,Rural,South Central Region,Reporting
Careysburg District,Montserrado,LBR-30-3002-23,Ma. Bendu Medical Clinic,Private,Clinic,"[-10.605875,6.370838]",3002,Active,Private,Rural,South Central Region,Reporting
Careysburg District,Montserrado,LBR-30-3002-21,Slemp Medical  Annex 2,Private,Clinic,"[-10.638120,6.362370]",3002,Active,Private,Rural,South Central Region,Reporting
Cavalla District,Grand Gedeh,LBR-15-1516-04,Janzon Clinic,Public,Clinic,"[-8.041410,6.227410]",1516,Active,GOL,Rural,Southeastern A Region,Reporting
Cavalla District,Grand Gedeh,LBR-15-1516-02,Beh Town Clinic (Cavalla),Public,Clinic,"[-8.003370,6.188490]",1516,Active,GOL,Rural,Southeastern A Region,Reporting
Cavalla District,Grand Gedeh,LBR-15-1516-03,Gboleken Clinic,Public,Clinic,"[-8.191600,6.107890]",1516,Active,GOL,Rural,Southeastern A Region,Reporting
Cavalla District,Grand Gedeh,LBR-15-1516-01,Bargblor Clinic,Public,Clinic,"[-8.334917,6.134228]",1516,Active,GOL,Rural,Southeastern A Region,Reporting
Cavalla District,Grand Gedeh,LBR-15-1516-05,Tuzon Clinic (Cavalla),Public,Clinic,"[-8.251480,6.170380]",1516,Active,GOL,Rural,Southeastern A Region,Reporting
Cavalla District,Grand Gedeh,LBR-15-1516-06,Zai Town Clinic,Public,Clinic,"[-8.293960,6.193480]",1516,Active,GOL,Rural,Southeastern A Region,Reporting
Central Monrovia district,Montserrado,LBR-30-3026-31,Hydro MERCI Clinic,Private,Clinic,"[-10.750250,6.278800]",3026,Active,Private,Urband,South Central Region,Reporting
Central Monrovia district,Montserrado,LBR-30-3026-04,SDA Cooper Memorial Hospital,Faith Based,Hospital,"[-10.780408,6.296527]",3026,Active,Donor,Urband,South Central Region,Reporting
Central Monrovia district,Montserrado,LBR-30-3026-29,Grace A Reeves Baptist Clinic,Faith Based,Clinic,"[-10.742180,6.287370]",3026,Active,Donor,Urband,South Central Region,Reporting
Central Monrovia district,Montserrado,LBR-30-3026-09,Ahmadiyya Muslim Mission Clinic,Faith Based,Clinic,"[-10.784091,6.292545]",3026,Active,Donor,Urband,South Central Region,Reporting
Central Monrovia district,Montserrado,LBR-30-3026-01,St Joseph's Catholic Hospital,Faith Based,Hospital,"[-10.755390,6.273479]",3026,Active,Donor,Urband,South Central Region,Reporting
Central Monrovia district,Montserrado,LBR-30-3026-14,B.W. Payne School Based Clinic,Public,Clinic,"[-10.801740,6.313270]",3026,Active,GOL,Urband,South Central Region,Reporting
Central Monrovia district,Montserrado,LBR-30-3026-43,Ministry of Foreign Affairs Clinic,Public,Clinic,"[-10.795690,6.297540]",3026,Active,GOL,Urband,South Central Region,Reporting
Central Monrovia district,Montserrado,LBR-30-3026-58,Tubman High School Based Clinic,Public,Clinic,"[-10.780090,6.295410]",3026,Active,GOL,Urband,South Central Region,Reporting
Central Monrovia district,Montserrado,LBR-30-3026-30,Group of 77 Clinic,Public,Clinic,"[-10.804138,6.327656]",3026,Active,GOL,Urband,South Central Region,Reporting
Central Monrovia district,Montserrado,LBR-30-3026-44,Ministry of Public Works Clinic,Public,Clinic,"[-10.805330,6.310240]",3026,Active,GOL,Urband,South Central Region,Reporting
Central Monrovia district,Montserrado,LBR-30-3026-46,Monrovia Central Prison Clinic,Public,Clinic,"[-10.807330,6.309060]",3026,Active,GOL,Urband,South Central Region,Reporting
Central Monrovia district,Montserrado,LBR-30-3026-06,Soniwen Health Center,Public,Clinic,"[-10.802420,6.308990]",3026,Active,GOL,Urband,South Central Region,Reporting
Central Monrovia district,Montserrado,LBR-30-3026-03,JF Kennedy Medical Center,Public,Hospital,"[-10.774766,6.290514]",3026,Active,GOL,Urband,South Central Region,Reporting
Central Monrovia district,Montserrado,LBR-30-3026-02,National TB & Leprosy Hospital,Public,Hospital,"[-10.714540,6.264390]",3026,Active,GOL,Urband,South Central Region,Reporting
Central Monrovia district,Montserrado,LBR-30-3026-12,Aspen Medical International,Private,Health Center,,3026,Active,Private,Urband,South Central Region,Not Reporting
Central Monrovia district,Montserrado,LBR-30-3026-23,Few Diagnosis,Private,Clinic,"[-10.791299,6.296283]",3026,Active,Private,Urband,South Central Region,Reporting
Central Monrovia district,Montserrado,LBR-30-3026-32,J. Singh Medical Laboratory and Clinic,Private,Clinic,"[-10.771510,6.285090]",3026,Active,Private,Urband,South Central Region,Reporting
Central Monrovia district,Montserrado,LBR-30-3026-52,Prestige Medical Clinic,Private,Clinic,"[-10.807610,6.310410]",3026,Active,Private,Urband,South Central Region,Reporting
Central Monrovia district,Montserrado,LBR-30-3026-15,Belle Baloma Clinic,Private,Clinic,"[-10.803489,6.311582]",3026,Active,Private,Urband,South Central Region,Reporting
Central Monrovia district,Montserrado,LBR-30-3026-33,Joanna Maternity Clinic,Private,Clinic,"[-10.807831,6.307441]",3026,Active,Private,Urband,South Central Region,Reporting
Central Monrovia district,Montserrado,LBR-30-3026-34,Joelu Maternity Clinic,Private,Clinic,"[-10.798934,6.306460]",3026,Active,Private,Urband,South Central Region,Reporting
Central Monrovia district,Montserrado,LBR-30-3026-27,Good Will Health Clinic,Private,Clinic,"[-10.772110,6.292800]",3026,Active,Private,Urband,South Central Region,Reporting
Central Monrovia district,Montserrado,LBR-30-3026-38,Liberia National Police Clinic,Public,Clinic,"[-10.795600,6.304240]",3026,Active,GOL,Urband,South Central Region,Reporting
Central Monrovia district,Montserrado,LBR-30-3026-47,Old Road Community Clinic,Private,Clinic,"[-10.750260,6.283670]",3026,Active,Private,Urband,South Central Region,Reporting
Central Monrovia district,Montserrado,LBR-30-3026-49,Peoples United Community Clinic,Private,Clinic,"[-10.773570,6.284860]",3026,Active,Private,Urband,South Central Region,Reporting
Central Monrovia district,Montserrado,LBR-30-3026-56,The Good Will Clinic Annex II,Private,Clinic,"[-10.800819,6.309043]",3026,Active,Private,Urband,South Central Region,Reporting
Central Monrovia district,Montserrado,LBR-30-3026-51,Planned Parenthood Association,Private,Clinic,"[-10.807610,6.310410]",3026,Active,Private,Urband,South Central Region,Reporting
Central Monrovia district,Montserrado,LBR-30-3026-24,Fiamah Clinic,Private,Clinic,"[-10.773159,6.290821]",3026,Active,Private,Urband,South Central Region,Reporting
Central Monrovia district,Montserrado,LBR-30-3026-25,Fidelity Health Care Services Inc.,Private,Clinic,"[-10.788900,6.295220]",3026,Active,Private,Urband,South Central Region,Reporting
Central Monrovia district,Montserrado,LBR-30-3026-59,Wroto Town Clinic,Private,Clinic,"[-10.763941,6.285271]",3026,Active,Private,Urband,South Central Region,Reporting
Central Monrovia district,Montserrado,LBR-30-3026-57,Tropical Clinic Annex 2,Private,Clinic,"[-10.765650,6.293360]",3026,Active,Private,Urband,South Central Region,Reporting
Central Monrovia district,Montserrado,LBR-30-3026-41,Matadi City Clinic,Private,Clinic,"[-10.769580,6.301420]",3026,Active,Private,Urband,South Central Region,Reporting
Central Monrovia district,Montserrado,LBR-30-3026-55,The Good Will clinic,Private,Clinic,,3026,Active,Private,Urband,South Central Region,Reporting
Central Monrovia district,Montserrado,LBR-30-3026-05,Jordan River Health Center,Private,Health Center,"[-10.758230,6.297170]",3026,Active,Private,Urband,South Central Region,Reporting
Central Monrovia district,Montserrado,LBR-30-3026-10,AMEU Clinic,Faith Based,Clinic,"[-10.800527,6.310114]",3026,Active,Private,Urband,South Central Region,Reporting
Central Monrovia district,Montserrado,LBR-30-3026-20,Daqmon Clinic,Private,Clinic,"[-10.760340,6.291980]",3026,Active,Private,Urband,South Central Region,Reporting
Central Monrovia district,Montserrado,LBR-30-3026-54,Syriana Medical Clinic,Private,Clinic,"[-10.776710,6.294330]",3026,Active,Private,Urband,South Central Region,Reporting
Central Monrovia district,Montserrado,LBR-30-3026-48,Peace Clinic,Private,Clinic,"[-10.755860,6.282540]",3026,Active,Private,Urband,South Central Region,Reporting
Central Monrovia district,Montserrado,LBR-30-3026-16,Bishop Darlington  Clinic,Private,Clinic,"[-10.748586,6.285623]",3026,Active,Private,Urband,South Central Region,Reporting
Central Monrovia district,Montserrado,LBR-30-3026-45,Miracle Medical Clinic,Private,Clinic,"[-10.733570,6.276540]",3026,Active,Private,Urband,South Central Region,Reporting
Central Monrovia district,Montserrado,LBR-30-3026-08,ACFI Medical Clinic,Faith Based,Clinic,"[-10.799549,6.305034]",3026,Active,Private,Urband,South Central Region,Reporting
Central Monrovia district,Montserrado,LBR-30-3026-42,Mercy International Clinic,Private,Clinic,,3026,Active,Private,Urband,South Central Region,Reporting
Central Monrovia district,Montserrado,LBR-30-3026-19,Clini Lab,Private,Clinic,,3026,Active,Private,Urband,South Central Region,Reporting
Central Monrovia district,Montserrado,LBR-30-3026-36,Joseph Boakai Clinic,Private,Clinic,"[-10.734370,6.277000]",3026,Active,Private,Urband,South Central Region,Reporting
Central Monrovia district,Montserrado,LBR-30-3026-50,Piyea Medical Clinic,Private,Clinic,,3026,Active,Private,Urband,South Central Region,Reporting
Central Monrovia district,Montserrado,LBR-30-3026-53,Swamp Community Clinic,Private,Clinic,,3026,Active,Private,Urband,South Central Region,Reporting
Central Monrovia district,Montserrado,LBR-30-3026-28,God's Will Health Clinic,Private,Clinic,"[-10.804138,6.327656]",3026,Active,Private,Urband,South Central Region,Reporting
Central Monrovia district,Montserrado,LBR-30-3026-35,Jorkpen Town Clinic,Private,Clinic,"[-10.786314,6.294405]",3026,Active,Private,Urband,South Central Region,Reporting
Central Monrovia district,Montserrado,LBR-30-3026-40,Ma-Esther Clinic,Private,Clinic,"[-10.734120,6.276110]",3026,Active,Private,Urband,South Central Region,Reporting
Central Monrovia district,Montserrado,LBR-30-3026-39,Liberia National Red Cross Clinic,Private,Clinic,"[-10.804720,6.315000]",3026,Active,Private,Urband,South Central Region,Reporting
Central Monrovia district,Montserrado,LBR-30-3026-22,"Earlbert Medical Services, INC",Private,Clinic,"[-10.772660,6.290030]",3026,Active,Private,Urband,South Central Region,Reporting
Central Monrovia district,Montserrado,LBR-30-3026-26,Genesis Healthcare Medical Clinic,Private,Clinic,"[-10.752839,6.283474]",3026,Active,Private,Urband,South Central Region,Reporting
Central Rivercess District,RiverCess,LBR-36-3608-03,Neezuin Clinic,Public,Clinic,"[-9.501900,5.687420]",3608,Active,GOL,Rural,South Central Region,Reporting
Central Rivercess District,RiverCess,LBR-36-3608-01,Dorbor Clinic,Public,Clinic,"[-9.614510,6.153040]",3608,Active,GOL,Rural,South Central Region,Reporting
Central Rivercess District,RiverCess,LBR-36-3608-02,Kploh Community Clinic,Public,Clinic,"[-9.228350,5.853820]",3608,Active,GOL,Rural,South Central Region,Reporting
Chedepo District,RiverGee,LBR-42-4202-03,Putuken Clinic,Public,Clinic,"[-8.034560,5.345930]",4202,Active,GOL,Rural,Southeastern B Region,Reporting
Chedepo District,RiverGee,LBR-42-4202-02,Killepo Clinic,Public,Clinic,"[-8.090310,5.491510]",4202,Active,GOL,Rural,Southeastern B Region,Reporting
Chedepo District,RiverGee,LBR-42-4202-01,Jarkaken Clinic,Public,Clinic,"[-7.996050,5.377340]",4202,Active,GOL,Rural,Southeastern B Region,Reporting
Commonwealth District,Montserrado,LBR-30-3018-60,Medicover Clinic,Private,Clinic,"[-10.686360,6.301150]",3018,Active,Private,Urband,South Central Region,Reporting
Commonwealth District,Montserrado,LBR-30-3018-61,Miracle Center of God Clinic,Private,Clinic,"[-10.661920,6.281670]",3018,Active,Private,Urband,South Central Region,Reporting
Commonwealth District,Montserrado,LBR-30-3018-01,ELWA Hospital,Faith Based,Hospital,"[-10.695170,6.239090]",3018,Active,Donor,Urband,South Central Region,Reporting
Commonwealth District,Montserrado,LBR-30-3018-02,Benson Hospital,Private,Hospital,"[-10.690120,6.283570]",3018,Active,Private,Urband,South Central Region,Reporting
Commonwealth District,Montserrado,LBR-30-3018-05,Agape Health Clinic,Private,Clinic,"[-10.679130,6.275050]",3018,Active,Private,Urband,South Central Region,Reporting
Commonwealth District,Montserrado,LBR-30-3018-03,E S Grant Mental Hospital,Public,Hospital,"[-10.688127,6.271097]",3018,Active,GOL,Urband,South Central Region,Reporting
Commonwealth District,Montserrado,LBR-30-3018-10,J and J Memorial Health Center,Private,Health Center,"[-10.626660,6.229125]",3018,Active,Private,Urband,South Central Region,Reporting
Commonwealth District,Montserrado,LBR-30-3018-07,Albertine M. White Memoral Health Center,Private,Health Center,,3018,Active,Private,Urband,South Central Region,Reporting
Commonwealth District,Montserrado,LBR-30-3018-11,Life Care Health Center,Private,Health Center,,3018,Active,Private,Urband,South Central Region,Reporting
Commonwealth District,Montserrado,LBR-30-3018-14,Pipeline Health Center,Public,Health Center,"[-10.691894,6.300062]",3018,Active,GOL,Urband,South Central Region,Reporting
Commonwealth District,Montserrado,LBR-30-3018-63,More Grace Medical Clinic,Private,Clinic,"[-10.704960,6.252210]",3018,Active,Private,Urband,South Central Region,Reporting
Commonwealth District,Montserrado,LBR-30-3018-12,Macphine Health Center,Private,Health Center,"[-10.695073,6.306797]",3018,Active,Private,Urband,South Central Region,Reporting
Commonwealth District,Montserrado,LBR-30-3018-13,P.D. Health Center,Private,Health Center,"[-10.645640,6.247370]",3018,Active,Private,Urband,South Central Region,Reporting
Commonwealth District,Montserrado,LBR-30-3018-66,Mount Barclay Community Clinic,Private,Clinic,"[-10.654740,6.350880]",3018,Active,Private,Urband,South Central Region,Reporting
Commonwealth District,Montserrado,LBR-30-3018-67,New Life Med. & Lab. Clinic,Private,Clinic,"[-10.691580,6.337750]",3018,Active,Private,Urband,South Central Region,Reporting
Commonwealth District,Montserrado,LBR-30-3018-65,Mother's Love Clinic,Private,Clinic,"[-10.630322,6.230934]",3018,Active,Private,Urband,South Central Region,Reporting
Commonwealth District,Montserrado,LBR-30-3018-69,Omega Market Clinic,Public,Clinic,"[-10.666980,6.305960]",3018,Active,GOL,Urband,South Central Region,Reporting
Commonwealth District,Montserrado,LBR-30-3018-68,Omega Community Clinic,Private,Clinic,"[-10.670130,6.308470]",3018,Active,Private,Urband,South Central Region,Reporting
Commonwealth District,Montserrado,LBR-30-3018-15,A Place of Rescue Health Clinic,Private,Clinic,"[-10.662783,6.248547]",3018,Active,Private,Urband,South Central Region,Reporting
Commonwealth District,Montserrado,LBR-30-3018-19,All Healthcare Clinic,Private,Clinic,"[-10.688272,6.301547]",3018,Active,Private,Urband,South Central Region,Reporting
Commonwealth District,Montserrado,LBR-30-3018-20,Anet Mini Community Clinic,Private,Clinic,"[-10.660290,6.337960]",3018,Active,Private,Urband,South Central Region,Reporting
Commonwealth District,Montserrado,LBR-30-3018-70,Paynesville City Clinic,Private,Clinic,"[-10.698767,6.297967]",3018,Active,Private,Urband,South Central Region,Reporting
Commonwealth District,Montserrado,LBR-30-3018-22,Beengee Clinic,Private,Clinic,,3018,Active,Private,Urband,South Central Region,Reporting
Commonwealth District,Montserrado,LBR-30-3018-71,Pool of Bethesda Medical Clinic,Private,Clinic,"[-10.680960,6.301000]",3018,Active,Private,Urband,South Central Region,Reporting
Commonwealth District,Montserrado,LBR-30-3018-18,All Grace Medical Clinic,Private,Clinic,"[-10.644762,6.231070]",3018,Active,Private,Urband,South Central Region,Reporting
Commonwealth District,Montserrado,LBR-30-3018-37,Esther  Amos Medical Clinic,Private,Clinic,"[-10.691650,6.251780]",3018,Active,Private,Urband,South Central Region,Reporting
Commonwealth District,Montserrado,LBR-30-3018-31,D H Luo Community Clinic,Private,Clinic,"[-10.698758,6.267035]",3018,Active,Private,Urband,South Central Region,Reporting
Commonwealth District,Montserrado,LBR-30-3018-26,Brown Community Clinic,Private,Clinic,"[-10.715577,6.352177]",3018,Active,Private,Urband,South Central Region,Reporting
Commonwealth District,Montserrado,LBR-30-3018-24,Bethesda Clinic,Faith Based,Clinic,,3018,Active,Donor,Urband,South Central Region,Reporting
Commonwealth District,Montserrado,LBR-30-3018-25,Bong Community Clinic,Private,Clinic,"[-10.651082,6.301204]",3018,Active,Private,Urband,South Central Region,Reporting
Commonwealth District,Montserrado,LBR-30-3018-33,Divine Help Medical Clinic,Private,Clinic,"[-10.666532,6.315350]",3018,Active,Private,Urband,South Central Region,Reporting
Commonwealth District,Montserrado,LBR-30-3018-34,Dr. Kamara Medical Clinic,Private,Clinic,"[-10.678160,6.234350]",3018,Active,Private,Urband,South Central Region,Reporting
Commonwealth District,Montserrado,LBR-30-3018-38,From God to Man-Ma-Hawa clinic,Private,Clinic,"[-10.667390,6.348310]",3018,Active,Private,Urband,South Central Region,Reporting
Commonwealth District,Montserrado,LBR-30-3018-36,El-Shadah Clinic,Private,Clinic,"[-10.688127,6.267970]",3018,Active,Private,Urband,South Central Region,Reporting
Commonwealth District,Montserrado,LBR-30-3018-39,Gates of Hope Clinic,Private,Clinic,"[-10.690662,6.287096]",3018,Active,Private,Urband,South Central Region,Reporting
Commonwealth District,Montserrado,LBR-30-3018-30,Confidence Clinic,Private,Clinic,"[-10.662853,6.323808]",3018,Active,Private,Urband,South Central Region,Reporting
Commonwealth District,Montserrado,LBR-30-3018-32,D. J. K Medical and Laboratory Clinic,Private,Clinic,"[-10.698758,6.267035]",3018,Active,Private,Urband,South Central Region,Reporting
Commonwealth District,Montserrado,LBR-30-3018-41,German Liberia Clinic,Private,Clinic,"[-10.695710,6.294840]",3018,Active,Private,Urband,South Central Region,Reporting
Commonwealth District,Montserrado,LBR-30-3018-45,Home Care Community Clinic,Private,Clinic,"[-10.675139,6.288021]",3018,Active,Private,Urband,South Central Region,Reporting
Commonwealth District,Montserrado,LBR-30-3018-47,Johnsonville Clinic,Public,Clinic,"[-10.685270,6.364110]",3018,Active,GOL,Urband,South Central Region,Reporting
Commonwealth District,Montserrado,LBR-30-3018-46,Johnson Clinic,Private,Clinic,"[-10.686013,6.297342]",3018,Active,Private,Urband,South Central Region,Reporting
Commonwealth District,Montserrado,LBR-30-3018-49,Kellen Clinic Mt. Blarclay,Private,Clinic,"[-10.701100,6.352370]",3018,Active,Private,Urband,South Central Region,Reporting
Commonwealth District,Montserrado,LBR-30-3018-52,Liberty Clinic,Private,Clinic,"[-10.704610,6.254787]",3018,Active,Private,Urband,South Central Region,Reporting
Commonwealth District,Montserrado,LBR-30-3018-42,Goodness of God Clinic,Private,Clinic,"[-10.683355,6.273183]",3018,Active,Private,Urband,South Central Region,Reporting
Commonwealth District,Montserrado,LBR-30-3018-44,Heaven Care Clinic/Children Health Clinic,Private,Clinic,"[-10.692480,6.240483]",3018,Active,Private,Urband,South Central Region,Reporting
Commonwealth District,Montserrado,LBR-30-3018-48,Jomu Medical Clinic,Private,Clinic,"[-10.669880,6.315700]",3018,Active,Private,Urband,South Central Region,Reporting
Commonwealth District,Montserrado,LBR-30-3018-50,Kingdom Care Medical Health Center,Private,Health Center,"[-10.685713,6.267870]",3018,Active,Private,Urband,South Central Region,Reporting
Commonwealth District,Montserrado,LBR-30-3018-54,Ma. Bendu (Lukambeh Med. Clinic),Private,Clinic,"[-10.682910,6.295525]",3018,Active,Private,Urband,South Central Region,Reporting
Commonwealth District,Montserrado,LBR-30-3018-55,Ma Sander Memorial Clinic,Private,Clinic,"[-10.679889,6.263848]",3018,Active,Private,Urband,South Central Region,Reporting
Commonwealth District,Montserrado,LBR-30-3018-56,Ma V Maternity Clinic,Private,Clinic,"[-10.686720,6.285560]",3018,Active,Private,Urband,South Central Region,Reporting
Commonwealth District,Montserrado,LBR-30-3018-57,Ma-Garmai Maternity Clinic,Private,Clinic,"[-10.665010,6.287410]",3018,Active,Private,Urband,South Central Region,Reporting
Commonwealth District,Montserrado,LBR-30-3018-58,"Ma-Rita Maternal, Child Health And Medical Clinic",Private,Clinic,,3018,Active,Private,Urband,South Central Region,Reporting
Commonwealth District,Montserrado,LBR-30-3018-59,Medical Diagnostic Laboratory Clinic,Private,Clinic,"[-10.686470,6.259740]",3018,Active,Private,Urband,South Central Region,Reporting
Commonwealth District,Montserrado,LBR-30-3018-06,Dr. Agnes Varis Health Center,Public,Health Center,"[-10.676170,6.245810]",3018,Active,GOL,Urband,South Central Region,Reporting
Commonwealth District,Montserrado,LBR-30-3018-74,Robert Moore Memorial Health Center,Private,Health Center,"[-10.687280,6.340500]",3018,Active,Private,Urband,South Central Region,Reporting
Commonwealth District,Montserrado,LBR-30-3018-76,Sam Mini Clinic,Private,Clinic,"[-10.686660,6.295900]",3018,Active,Private,Urband,South Central Region,Reporting
Commonwealth District,Montserrado,LBR-30-3018-75,Rock City Community Clinic,Private,Clinic,"[-10.689675,6.258152]",3018,Active,Private,Urband,South Central Region,Reporting
Commonwealth District,Montserrado,LBR-30-3018-73,Refuge Place Clinic,Private,Clinic,"[-10.720790,6.336360]",3018,Active,Private,Urband,South Central Region,Reporting
Commonwealth District,Montserrado,LBR-30-3018-72,Providence Clinic,Private,Clinic,"[-10.687730,6.292940]",3018,Active,Private,Urband,South Central Region,Reporting
Commonwealth District,Montserrado,LBR-30-3018-80,TASA Medical and Laboratory Clinic,Private,Clinic,"[-10.669730,6.327900]",3018,Active,Private,Urband,South Central Region,Reporting
Commonwealth District,Montserrado,LBR-30-3018-77,Shaden Medical Clinic,Private,Clinic,"[-10.720140,6.347410]",3018,Active,Private,Urband,South Central Region,Reporting
Commonwealth District,Montserrado,LBR-30-3018-78,St. Benedict Menni Health Center,Faith Based,Health Center,"[-10.693130,6.313340]",3018,Active,Donor,Urband,South Central Region,Reporting
Commonwealth District,Montserrado,LBR-30-3018-79,Sunrise Medical Clinic,Private,Clinic,"[-10.694715,6.242684]",3018,Active,Private,Urband,South Central Region,Reporting
Commonwealth District,Montserrado,LBR-30-3018-81,The Good Will Clinic Annex I,Private,Clinic,"[-10.673330,6.255210]",3018,Active,Private,Urband,South Central Region,Reporting
Commonwealth District,Montserrado,LBR-30-3018-83,United Pentacostal Church Clinic,Faith Based,Clinic,"[-10.672120,6.286880]",3018,Active,Donor,Urband,South Central Region,Reporting
Commonwealth District,Montserrado,LBR-30-3018-85,Wein Town Community Clinic,Private,Clinic,"[-10.683915,6.316553]",3018,Active,Private,Urband,South Central Region,Reporting
Commonwealth District,Montserrado,LBR-30-3018-84,Vision for the Hopeless Clinic,Private,Clinic,"[-10.671080,6.239000]",3018,Active,Private,Urband,South Central Region,Reporting
Commonwealth District,Montserrado,LBR-30-3018-87,William Booth Salvation Army Clinic,Faith Based,Clinic,"[-10.690000,6.295270]",3018,Active,Donor,Urband,South Central Region,Reporting
Commonwealth District,Montserrado,LBR-30-3018-88,Wlame's Maternity Clinic,Private,Clinic,"[-10.659540,6.283280]",3018,Active,Private,Urband,South Central Region,Reporting
Commonwealth District,Montserrado,LBR-30-3018-09,Ghaial Foundation Health Center,Private,Health Center,"[-10.674785,6.305800]",3018,Active,Donor,Urband,South Central Region,Reporting
Commonwealth District,Montserrado,LBR-30-3018-89,Duport Road Health Center,Public,Health Center,"[-10.690100,6.275890]",3018,Active,GOL,Urband,South Central Region,Reporting
Commonwealth District,Montserrado,LBR-30-3018-40,Genesis Healthcare Medical Clinic Annex 1 (Breath of Life Clinic),Private,Clinic,"[-10.657331,6.243477]",3018,Active,Private,Urband,South Central Region,Reporting
Commonwealth District,Montserrado,LBR-30-3018-53,Louisiana Clinic,Public,Clinic,"[-10.703110,6.433800]",3018,Active,GOL,Urband,South Central Region,Reporting
Commonwealth District,Montserrado,LBR-30-3018-86,Wein Town Med. & Lab. Clinic,Private,Clinic,"[-10.683920,6.316510]",3018,Active,Private,Urband,South Central Region,Reporting
Commonwealth District,Montserrado,LBR-30-3018-29,Compassionate Care Clinic,Private,Clinic,"[-10.688729,6.279138]",3018,Active,Private,Urband,South Central Region,Reporting
Commonwealth District,Montserrado,LBR-30-3018-64,Mother Esther Rufus Med. Clinic,Private,Clinic,"[-10.648272,6.229595]",3018,Active,Private,Urband,South Central Region,Reporting
Commonwealth District,Montserrado,LBR-30-3018-43,Health for All Medical,Private,Clinic,"[-10.665330,6.325250]",3018,Active,Private,Urband,South Central Region,Reporting
Commonwealth District,Montserrado,LBR-30-3018-62,Modern Medical and Laboratory Diagnostic Services,Private,Clinic,"[-10.686910,6.362110]",3018,Active,Private,Urband,South Central Region,Reporting
Commonwealth District,Montserrado,LBR-30-3018-35,Grace Health Care Center,Private,Health Center,,3018,Active,Private,Urband,South Central Region,Reporting
Commonwealth District,Montserrado,LBR-30-3018-90,Patience Medical Clinic,Private,Clinic,"[-10.666981,6.312118]",3018,Active,Private,Urband,South Central Region,Reporting
Commonwealth District,Montserrado,LBR-30-3018-91,Mercy G. Health Center,Private,Health Center,"[-10.683430,6.273580]",3018,Active,Private,Urband,South Central Region,Reporting
Commonwealth District,Montserrado,LBR-30-3018-92,First Choice Clinic,Private,Clinic,"[-10.671755,6.257840]",3018,Active,Private,Urband,South Central Region,Reporting
Commonwealth District,Montserrado,LBR-30-3018-93,New Sight Eye Clinic,Private,Clinic,"[-10.698131,6.295226]",3018,Active,Private,Urband,South Central Region,Not Reporting
Commonwealth-C District,Grand Cape Mount,LBR-12-1208-01,St Timothy's Hospital,Public,Hospital,"[-11.367320,6.750550]",1208,Active,GOL,Urband,Northwestern Region,Reporting
Commonwealth-C District,Grand Cape Mount,LBR-12-1208-04,Tallah Clinic,Public,Clinic,"[-11.303250,6.770880]",1208,Active,GOL,Rural,Northwestern Region,Reporting
Commonwealth-C District,Grand Cape Mount,LBR-12-1208-03,Sembehum Clinic,Public,Clinic,"[-11.333790,6.706160]",1208,Active,GOL,Rural,Northwestern Region,Reporting
Commonwealth-C District,Grand Cape Mount,LBR-12-1208-02,Fanti Town Clinic,Public,Clinic,"[-11.355550,6.758470]",1208,Active,GOL,Urband,Northwestern Region,Reporting
District # 1,Grand Bassa,LBR-09-0904-01,Compound No. 1 Clinic,Public,Clinic,"[-10.208475,6.141470]",0904,Active,GOL,Rural,South Central Region,Reporting
District # 1,Grand Bassa,LBR-09-0904-05,Little Bassa Clinic,Public,Clinic,"[-10.215820,6.031850]",0904,Active,GOL,Rural,South Central Region,Reporting
Gar-Bain District,Nimba,LBR-33-3321-06,Equip Clinic,Public,Clinic,"[-8.969120,7.226390]",3312,Active,GOL,Urband,North Central Region,Reporting
District # 1,Grand Bassa,LBR-09-0904-04,John Logan Town SDP,Public,Clinic,"[-10.106060,6.386770]",0904,Active,GOL,Rural,South Central Region,Reporting
District # 1,Grand Bassa,LBR-09-0904-03,Jacob Larteh Clinic,Public,Clinic,"[-10.234000,6.443180]",0904,Active,GOL,Rural,South Central Region,Reporting
District # 1,Grand Bassa,LBR-09-0904-02,Edina Clinic,Public,Clinic,"[-10.076250,5.924850]",0904,Active,GOL,Rural,South Central Region,Reporting
District # 1,Grand Bassa,LBR-09-0904-06,Lloydsville Clinic,Public,Clinic,"[-10.131520,6.118320]",0904,Active,GOL,Rural,South Central Region,Reporting
District # 1,Grand Bassa,LBR-09-0904-07,Mother of Light Rehabilitation Center,Private,Clinic,"[-10.030197,5.873418]",0904,Active,Private,Rural,South Central Region,Reporting
District # 2,Grand Bassa,LBR-09-0906-02,St John Clinic,Public,Clinic,"[-10.016190,6.040640]",0906,Active,GOL,Rural,South Central Region,Reporting
District # 2,Grand Bassa,LBR-09-0906-01,Compound # 2 Clinic,Public,Clinic,"[-9.916290,6.215830]",0906,Active,GOL,Rural,South Central Region,Reporting
District # 2,Grand Bassa,LBR-09-0906-03,True Life,Faith Based,Clinic,"[-9.936000,6.201207]",0906,Active,Donor,Rural,South Central Region,Reporting
District # 3 A&B,Grand Bassa,LBR-09-0914-01,Liberia Agriculture Company Hospital,Concession,Hospital,"[-9.737870,6.090070]",0914,Active,Donor,Rural,South Central Region,Reporting
District # 3 A&B,Grand Bassa,LBR-09-0914-02,Barseegiah Clinic,Public,Clinic,"[-9.635550,6.340210]",0914,Active,GOL,Rural,South Central Region,Reporting
District # 3 A&B,Grand Bassa,LBR-09-0914-03,Boeglay Town Clinic,Public,Clinic,"[-9.746520,6.172060]",0914,Active,GOL,Rural,South Central Region,Reporting
District # 3 A&B,Grand Bassa,LBR-09-0914-04,Compound # 3 Clinic,Public,Clinic,"[-9.789200,6.149370]",0914,Active,GOL,Rural,South Central Region,Reporting
District # 3 C,Grand Bassa,LBR-09-0915-02,Gardour Clinic,Public,Clinic,"[-9.459580,6.421220]",0915,Active,GOL,Rural,South Central Region,Reporting
District # 3 C,Grand Bassa,LBR-09-0915-01,Desoe Town Clinic,Public,Clinic,"[-9.367110,6.550850]",0915,Active,GOL,Rural,South Central Region,Reporting
District # 3 C,Grand Bassa,LBR-09-0915-03,Sue Town Clinic,Public,Clinic,"[-9.215020,6.561510]",0915,Active,GOL,Rural,South Central Region,Reporting
District # 4,Grand Bassa,LBR-09-0916-01,Ceegbah Clinic,Public,Clinic,"[-9.693480,5.761760]",0916,Active,GOL,Rural,South Central Region,Reporting
District # 4,Grand Bassa,LBR-09-0916-03,Little Kola Clinic,Public,Clinic,"[-9.828430,5.703690]",0916,Active,GOL,Rural,South Central Region,Reporting
District # 4,Grand Bassa,LBR-09-0916-04,Palmbay Plantation Clinic,Concession,Clinic,"[-9.832667,5.824704]",0916,Active,Donor,Rural,South Central Region,Reporting
District # 4,Grand Bassa,LBR-09-0916-02,Compound # 4 Clinic,Public,Clinic,"[-9.710380,5.905570]",0916,Active,GOL,Rural,South Central Region,Reporting
District # 4,Grand Bassa,LBR-09-0916-05,Zondo Mission Clinic,Public,Clinic,"[-9.644649,6.091970]",0916,Active,GOL,Rural,South Central Region,Reporting
Doedian District,RiverCess,LBR-36-3602-01,Boegeezay Health Center,Public,Health Center,"[-9.321610,6.153040]",3602,Active,GOL,Rural,South Central Region,Reporting
Doedian District,RiverCess,LBR-36-3602-03,Kangbo Clinic,Public,Clinic,"[-9.206780,6.267600]",3602,Active,GOL,Rural,South Central Region,Reporting
Doedian District,RiverCess,LBR-36-3602-02,Gozohn Clinic,Public,Clinic,"[-9.276580,6.259960]",3602,Active,GOL,Rural,South Central Region,Reporting
Dorbor District,Grand Kru,LBR-18-1836-01,Bolloh New Town Clinic,Public,Clinic,"[-8.410370,4.822744]",1836,Active,GOL,Rural,Southeastern B Region,Reporting
Dorbor District,Grand Kru,LBR-18-1836-02,Doeswen Clinic,Public,Clinic,"[-8.272237,5.024507]",1836,Active,GOL,Rural,Southeastern B Region,Reporting
Dorbor District,Grand Kru,LBR-18-1836-03,Nyankupo Clinic,Public,Clinic,"[-8.382920,4.883770]",1836,Active,GOL,Rural,Southeastern B Region,Reporting
Dowein,Bomi,LBR-03-0308-05,Lower Zor Clinic,Public,Clinic,"[-10.778663,6.545898]",0308,Active,GOL,Rural,Northwestern Region,Reporting
Dowein,Bomi,LBR-03-0308-04,Jenneh No 3 Clinic,Public,Clinic,"[-10.853081,6.537951]",0308,Active,GOL,Rural,Northwestern Region,Reporting
Dowein,Bomi,LBR-03-0308-03,Dagweh Community Clinic,Public,Clinic,"[-10.945612,6.567537]",0308,Active,GOL,Rural,Northwestern Region,Reporting
Dowein,Bomi,LBR-03-0308-02,Bonjeh Town Clinic,Public,Clinic,"[-10.855260,6.488450]",0308,Active,GOL,Rural,Northwestern Region,Reporting
Dowein,Bomi,LBR-03-0308-06,Vortor Clinic,Public,Clinic,"[-11.032587,6.616074]",0308,Active,GOL,Rural,Northwestern Region,Reporting
Dowein,Bomi,LBR-03-0308-01,Beh Town Clinic,Public,Clinic,"[-10.984860,6.618070]",0308,Active,GOL,Rural,Northwestern Region,Reporting
Dowein,Bomi,LBR-03-0308-07,Health Care & Revival Center,Private,Clinic,"[-10.819743,6.509948]",0308,Active,Private,Rural,Northwestern Region,Reporting
Dugbe River District,Sinoe,LBR-39-3093-03,Juayen Clinic,Public,Clinic,"[-8.662000,5.092560]",3903,Active,GOL,Rural,Southeastern A Region,Reporting
Dugbe River District,Sinoe,LBR-39-3093-04,Karquekpo Clinic,Public,Clinic,"[-8.651100,4.986020]",3903,Active,GOL,Rural,Southeastern A Region,Reporting
Dugbe River District,Sinoe,LBR-39-3093-01,Dr. John S. Doedeh Clinic,Public,Clinic,"[-8.723678,4.829150]",3903,Active,GOL,Rural,Southeastern A Region,Reporting
Dugbe River District,Sinoe,LBR-39-3093-02,Edward Memorial Clinic,Public,Clinic,"[-8.996360,5.133119]",3903,Active,GOL,Rural,Southeastern A Region,Reporting
Dugbe River District,Sinoe,LBR-39-3093-05,Kwitatuzon Clinic,Public,Clinic,"[-8.783700,4.993110]",3903,Active,GOL,Rural,Southeastern A Region,Reporting
Dugbe River District,Sinoe,LBR-39-3093-06,Menweh Walker Clinic,Public,Clinic,"[-8.723490,4.943390]",3903,Active,GOL,Rural,Southeastern A Region,Reporting
Firestone District,Margibi,LBR-24-2402-01,Du-side Hospital,Concession,Hospital,"[-10.469320,6.353350]",2402,Active,Donor,Urband,South Central Region,Reporting
Firestone District,Margibi,LBR-24-2402-06,Garzon Health Center,Public,Health Center,"[-10.429369,6.404475]",2402,Active,GOL,Rural,South Central Region,Reporting
Firestone District,Margibi,LBR-24-2402-03,Cotton Tree Health Center,Public,Health Center,"[-10.339089,6.274906]",2402,Active,GOL,Rural,South Central Region,Reporting
Firestone District,Margibi,LBR-24-2402-02,Comfort Health Center,Private,Health Center,"[-10.331494,6.302002]",2402,Active,Private,Rural,South Central Region,Reporting
Firestone District,Margibi,LBR-24-2402-04,Dolo's Town Health Center,Public,Health Center,"[-10.356570,6.251760]",2402,Active,GOL,Urband,South Central Region,Reporting
Firestone District,Margibi,LBR-24-2402-09,Lisnow Martanity Clinic,Private,Clinic,"[-10.332450,6.276223]",2402,Active,Private,Rural,South Central Region,Reporting
Firestone District,Margibi,LBR-24-2402-05,Farmington Health Center,Concession,Health Center,"[-10.318990,6.421580]",2402,Active,Donor,Urband,South Central Region,Reporting
Firestone District,Margibi,LBR-24-2402-07,Harbel Health Center,Concession,Health Center,"[-10.342960,6.270930]",2402,Active,Donor,Urband,South Central Region,Reporting
Firestone District,Margibi,LBR-24-2402-10,Mother Artis Martanity Clinic,Private,Clinic,"[-10.332682,6.304937]",2402,Active,Private,Rural,South Central Region,Reporting
Foya District,Lofa,LBR-21-2102-11,Yekpedu Clinic,Public,Clinic,"[-10.224650,8.233920]",2102,Active,GOL,Rural,North Central Region,Reporting
Foya District,Lofa,LBR-21-2102-01,Foya Boma Hospital,Faith Based,Hospital,"[-10.200280,8.354930]",2102,Active,Donor,Urband,North Central Region,Reporting
Foya District,Lofa,LBR-21-2102-05,Leingbamba Clinic,Public,Clinic,"[-10.275050,8.212580]",2102,Active,GOL,Rural,North Central Region,Reporting
Foya District,Lofa,LBR-21-2102-03,Foya Tengia Clinic,Public,Clinic,"[-10.200280,8.354930]",2102,Active,GOL,Rural,North Central Region,Reporting
Foya District,Lofa,LBR-21-2102-02,Foya  Health Center,Public,Health Center,"[-10.212950,8.363180]",2102,Active,GOL,Rural,North Central Region,Reporting
Foya District,Lofa,LBR-21-2102-04,Isaac F. Gbema Clinic,Private,Clinic,"[-10.209653,8.360447]",2102,Active,Private,Rural,North Central Region,Reporting
Foya District,Lofa,LBR-21-2102-06,Mendikorma Clinic,Public,Clinic,"[-10.269884,8.461572]",2102,Active,GOL,Rural,North Central Region,Reporting
Foya District,Lofa,LBR-21-2102-07,Porluma Clinic,Public,Clinic,"[-10.107530,8.436790]",2102,Active,GOL,Rural,North Central Region,Reporting
Foya District,Lofa,LBR-21-2102-08,Shelloe Clinic,Public,Clinic,"[-10.205290,8.383340]",2102,Active,GOL,Rural,North Central Region,Reporting
Foya District,Lofa,LBR-21-2102-09,Sorlumba Clinic,Public,Clinic,"[-10.160840,8.496000]",2102,Active,GOL,Rural,North Central Region,Reporting
Foya District,Lofa,LBR-21-2102-10,Worsonga Clinic,Public,Clinic,"[-10.283470,8.361200]",2102,Active,GOL,Rural,North Central Region,Reporting
Foya District,Lofa,LBR-21-2102-12,Kondobengu Clinic,Public,Clinic,"[-10.118100,8.308403]",2102,Active,GOL,Rural,North Central Region,Reporting
Fuamah,Bong,LBR-06-0602-01,Bong Medical Hospital,Public,Hospital,"[-10.356768,6.807202]",0602,Active,GOL,Rural,North Central Region,Reporting
Fuamah,Bong,LBR-06-0602-02,Degei Clinic,Public,Clinic,"[-10.163330,7.097500]",0602,Active,GOL,Rural,North Central Region,Reporting
Fuamah,Bong,LBR-06-0602-03,Haindi Clinic,Public,Clinic,"[-10.389120,6.890260]",0602,Active,GOL,Rural,North Central Region,Reporting
Gar-Bain District,Nimba,LBR-33-3321-08,Ganta Community Clinic,Public,Clinic,"[-9.001420,7.223740]",3312,Active,GOL,Urband,North Central Region,Reporting
Gar-Bain District,Nimba,LBR-33-3321-02,E & J Medical Hospital,Public,Hospital,"[-8.990767,7.214218]",3312,Active,GOL,Urband,North Central Region,Reporting
Gar-Bain District,Nimba,LBR-33-3321-01,Ganta Methodist Hospital,Faith Based,Hospital,"[-8.977770,7.235570]",3312,Active,Donor,Urband,North Central Region,Reporting
Gar-Bain District,Nimba,LBR-33-3321-12,Power House Clinic,Private,Clinic,"[-8.685000,7.361000]",3312,Active,Private,Urband,North Central Region,Reporting
Gar-Bain District,Nimba,LBR-33-3321-04,Agape Clinic,Private,Clinic,"[-8.986160,7.226760]",3312,Active,Private,Urband,North Central Region,Reporting
Gar-Bain District,Nimba,LBR-33-3321-09,KL Foundation Clinic,Private,Clinic,"[-8.979240,7.221040]",3312,Active,Private,Urband,North Central Region,Reporting
Gar-Bain District,Nimba,LBR-33-3321-13,Elizebeth Nipo clinic,Private,Clinic,"[-9.003056,7.243055]",3312,Active,Private,Urband,North Central Region,Reporting
Gar-Bain District,Nimba,LBR-33-3321-14,H&E Grace Medical Center,Private,Health Center,"[-8.971389,7.199220]",3312,Active,Private,Urband,North Central Region,Reporting
Gar-Bain District,Nimba,LBR-33-3321-15,Magkie Medical clinic,Private,Clinic,"[-8.992222,7.225830]",3312,Active,Private,Urband,North Central Region,Reporting
Gar-Bain District,Nimba,LBR-33-3321-10,Yenglee Medical Hospital,Private,Hospital,"[-8.990556,7.205556]",3312,Active,Private,Urband,North Central Region,Reporting
Gar-Bain District,Nimba,LBR-33-3321-03,Ganta Rehabilitation,Public,Hospital,"[-8.974950,7.236230]",3321,Active,GOL,Urband,North Central Region,Reporting
Gar-Bain District,Nimba,LBR-33-3321-11,Newman Christian Clinic,Private,Clinic,"[-8.768644,7.102660]",3312,Active,Private,Urband,North Central Region,Reporting
Gar-Bain District,Nimba,LBR-33-3321-05,Bomah Clinic,Private,Clinic,"[-8.987315,7.234721]",3312,Active,Private,Urband,North Central Region,Reporting
Gar-Bain District,Nimba,LBR-33-3321-07,Evening Star Clinic,Private,Clinic,"[-8.986067,7.232214]",3312,Active,Private,Urband,North Central Region,Reporting
Garwula District,Grand Cape Mount,LBR-12-1202-01,Sinje Health Center,Public,Health Center,"[-11.136550,6.818050]",1208,Active,GOL,Urband,Northwestern Region,Reporting
Garwula District,Grand Cape Mount,LBR-12-1202-02,Bendu Community Clinic,Public,Clinic,"[-11.211870,6.762030]",1202,Active,GOL,Rural,Northwestern Region,Reporting
Garwula District,Grand Cape Mount,LBR-12-1202-03,Bomboja Clinic,Public,Clinic,"[-11.085830,6.622140]",1203,Active,GOL,Rural,Northwestern Region,Reporting
Garwula District,Grand Cape Mount,LBR-12-1202-04,Jundu Clinic,Public,Clinic,"[-11.131300,6.706170]",1202,Active,GOL,Rural,Northwestern Region,Reporting
Garwula District,Grand Cape Mount,LBR-12-1202-08,Zaway Clinic,Public,Clinic,"[-11.128630,6.874400]",1202,Active,GOL,Rural,Northwestern Region,Reporting
Garwula District,Grand Cape Mount,LBR-12-1202-05,Karnga Clinic,Public,Clinic,"[-11.065120,6.881460]",1202,Active,GOL,Rural,Northwestern Region,Reporting
Garwula District,Grand Cape Mount,LBR-12-1202-06,Kpeneji,Public,Clinic,"[-11.248320,6.930080]",1202,Active,GOL,Rural,Northwestern Region,Reporting
Garwula District,Grand Cape Mount,LBR-12-1202-07,Madina Community Clinic,Public,Clinic,"[-11.065490,6.717180]",1202,Active,GOL,Rural,Northwestern Region,Reporting
Gbao District,Grand Gedeh,LBR-15-1502-01,Gbarzon Health Center,Public,Health Center,"[-8.440230,6.226780]",1502,Active,GOL,Rural,Southeastern A Region,Reporting
Gbao District,Grand Gedeh,LBR-15-1502-03,Gbo-Geewon Community Clinic,Public,Clinic,"[-8.838517,5.832247]",1502,Active,GOL,Rural,Southeastern A Region,Reporting
Gbao District,Grand Gedeh,LBR-15-1502-04,Polar Town Clinic,Public,Clinic,"[-8.566870,6.162580]",1502,Active,GOL,Rural,Southeastern A Region,Reporting
Gbao District,Grand Gedeh,LBR-15-1502-02,Gbarzon Jarwodee Clinic,Public,Clinic,"[-8.598390,6.113140]",1502,Active,GOL,Rural,Southeastern A Region,Reporting
Gbarma District,Gbarpolu,LBR-45-4510-04,Yangaya Clinic,Public,Clinic,"[-10.760170,7.110560]",4510,Active,GOL,Rural,Northwestern Region,Reporting
Gbarma District,Gbarpolu,LBR-45-4510-01,Gbarma Clinic,Public,Clinic,"[-10.789380,6.992810]",4510,Active,GOL,Rural,Northwestern Region,Reporting
Gbarma District,Gbarpolu,LBR-45-4510-02,Tarkpoima Clinic,Public,Clinic,"[-10.676930,7.170520]",4510,Active,GOL,Rural,Northwestern Region,Reporting
Gbarma District,Gbarpolu,LBR-45-4510-03,Weasua Clinic,Public,Clinic,"[-10.508460,7.317640]",4510,Active,GOL,Rural,Northwestern Region,Reporting
Gbeapo District,RiverGee,LBR-42-4208-03,Pronoken Clinic,Public,Clinic,"[-7.967580,5.184430]",4208,Active,GOL,Rural,Southeastern B Region,Reporting
Gbeapo District,RiverGee,LBR-42-4208-04,St Kizito Clinic,Faith Based,Clinic,"[-8.013350,5.230760]",4208,Active,Donor,Urband,Southeastern B Region,Reporting
Gbeapo District,RiverGee,LBR-42-4208-02,Drugbo Clinic,Public,Clinic,"[-8.018542,5.166047]",4208,Active,GOL,Rural,Southeastern B Region,Reporting
Gbeapo District,RiverGee,LBR-42-4208-01,Gbeapo Health Center,Public,Health Center,"[-8.013860,5.234660]",4208,Active,GOL,Urband,Southeastern A Region,Reporting
Gbehlay-Geh District,Nimba,LBR-33-3308-05,Loguatuo Clinic,Public,Clinic,"[-8.365780,7.258060]",3308,Active,GOL,Rural,North Central Region,Reporting
Gbehlay-Geh District,Nimba,LBR-33-3308-01,Karnplay Health Center,Public,Health Center,"[-8.504240,7.264290]",3308,Active,GOL,Rural,North Central Region,Reporting
Gbehlay-Geh District,Nimba,LBR-33-3308-07,Zorgowee Clinic,Public,Clinic,"[-8.578460,7.342540]",3308,Active,GOL,Rural,North Central Region,Reporting
Gbehlay-Geh District,Nimba,LBR-33-3308-06,Youhnlay Clinic,Public,Clinic,"[-8.447400,7.341090]",3308,Active,GOL,Rural,North Central Region,Reporting
Gbehlay-Geh District,Nimba,LBR-33-3308-02,Duoplay Clinic,Public,Clinic,"[-8.424890,6.717147]",3308,Active,GOL,Rural,North Central Region,Reporting
Gbehlay-Geh District,Nimba,LBR-33-3308-03,Give Them Hope Clinic,Faith Based,Clinic,"[-8.969080,7.226350]",3308,Active,Donor,Rural,North Central Region,Reporting
Gbehlay-Geh District,Nimba,LBR-33-3308-04,Goagortuo Clinic,Public,Clinic,"[-8.444451,7.469356]",3308,Active,GOL,Rural,North Central Region,Reporting
Gblonee District,Sinoe,LBR-39-3905-02,Togbaville Clinic,Public,Clinic,"[-9.219417,5.496018]",3905,Active,GOL,Rural,Southeastern A Region,Reporting
Gblonee District,Sinoe,LBR-39-3905-01,Dr. Alexander P. Tokpah Clinic,Public,Clinic,"[-9.349418,5.214750]",3905,Active,GOL,Rural,Southeastern A Region,Reporting
Gibi District,Margibi,LBR-24-2404-01,Massaquoi Town Health Center,Public,Health Center,"[-10.179203,6.675618]",2404,Active,GOL,Rural,South Central Region,Reporting
Gibi District,Margibi,LBR-24-2404-02,Salala Rubber Corporation Health Center,Concession,Health Center,"[-10.128321,6.654526]",2024,Active,Donor,Rural,South Central Region,Reporting
Gibi District,Margibi,LBR-24-2404-07,Worhn Clinic,Public,Clinic,"[-10.018420,6.597130]",2404,Active,GOL,Rural,South Central Region,Reporting
Gibi District,Margibi,LBR-24-2404-03,Peter's Town Clinic,Public,Clinic,"[-10.128321,6.601070]",2404,Active,GOL,Rural,South Central Region,Reporting
Gibi District,Margibi,LBR-24-2404-06,Wolola Clinic,Public,Clinic,"[-10.279480,6.552360]",2404,Active,GOL,Rural,South Central Region,Reporting
Gibi District,Margibi,LBR-24-2404-04,Yarnwullie Clinic,Public,Clinic,"[-10.187250,6.570570]",2404,Active,GOL,Rural,South Central Region,Reporting
Gola konneh District,Grand Cape Mount,LBR-12-1204-02,Beh Gondoh Clinic,Public,Clinic,"[-10.768423,7.139580]",1204,Active,GOL,Rural,Northwestern Region,Reporting
Gola konneh District,Grand Cape Mount,LBR-12-1204-04,Joseph J. Jarbo Memorial Clinic,Private,Clinic,"[-10.778170,7.139742]",1204,Active,Private,Rural,Northwestern Region,Reporting
Gola konneh District,Grand Cape Mount,LBR-12-1204-03,Fred Care Clinic,Private,Clinic,"[-10.784504,7.135738]",1204,Active,Private,Rural,Northwestern Region,Reporting
Gola konneh District,Grand Cape Mount,LBR-12-1204-05,Kinjor Clinic,Public,Clinic,"[-11.115990,7.008612]",1204,Active,GOL,Rural,Northwestern Region,Reporting
Gola konneh District,Grand Cape Mount,LBR-12-1204-06,Lofa Bridge Health Center,Public,Clinic,"[-10.882480,7.069520]",1204,Active,GOL,Rural,Northwestern Region,Reporting
Gola konneh District,Grand Cape Mount,LBR-12-1204-09,Varguaye Clinic,Public,Clinic,"[-10.958760,7.159990]",1204,Active,GOL,Rural,Northwestern Region,Reporting
Gola konneh District,Grand Cape Mount,LBR-12-1204-07,Mbaloma Clinic,Public,Clinic,"[-10.998160,6.958980]",1204,Active,GOL,Rural,Northwestern Region,Reporting
Gola konneh District,Grand Cape Mount,LBR-12-1204-08,Than Gola-Kanneh Clinic,Public,Clinic,"[-10.897880,7.107250]",1204,Active,GOL,Rural,Northwestern Region,Reporting
Greenville District,Sinoe,LBR-39-3902-03,St Joseph Catholic Clinic,Faith Based,Clinic,"[-9.043760,5.021890]",3902,Active,Donor,Rural,Southeastern A Region,Reporting
Greenville District,Sinoe,LBR-39-3902-01,F J Grante Hospital,Public,Hospital,"[-9.036790,5.008460]",3902,Active,GOL,Rural,Southeastern A Region,Reporting
Greenville District,Sinoe,LBR-39-3902-02,Lexington Clinic,Public,Clinic,"[-9.038520,5.041320]",3902,Active,GOL,Rural,Southeastern A Region,Reporting
Harper District,Maryland,LBR-27-2724-04,Litter Wlebo Clinic,Public,Clinic,"[-7.662601,4.576206]",2724,Active,GOL,Rural,Southeastern B Region,Reporting
Harper District,Maryland,LBR-27-2724-06,Rock Town Clinic,Public,Clinic,"[-7.781980,4.397120]",2724,Active,GOL,Rural,Southeastern B Region,Reporting
Harper District,Maryland,LBR-27-2724-07,Sacred Heart Clinic,Faith Based,Clinic,"[-7.708438,4.379560]",2724,Active,Donor,Urband,Southeastern B Region,Reporting
Harper District,Maryland,LBR-27-2724-05,Pullah Clinic,Public,Clinic,"[-7.641400,4.403480]",2724,Active,GOL,Rural,Southeastern B Region,Reporting
Harper District,Maryland,LBR-27-2724-01,JJ Dossen Hospital,Public,Hospital,"[-7.709410,4.377990]",2724,Active,GOL,Urband,Southeastern B Region,Reporting
Harper District,Maryland,LBR-27-2724-02,Cavalla Clinic,Public,Clinic,"[-7.588630,4.363830]",2724,Active,GOL,Rural,Southeastern B Region,Reporting
Harper District,Maryland,LBR-27-2724-03,Fish Town Clinic,Public,Clinic,"[-7.817750,4.424460]",2724,Active,GOL,Rural,Southeastern B Region,Reporting
Harper District,Maryland,LBR-27-2724-08,Youkudi Clinic,Public,Clinic,"[-7.608170,4.446830]",2724,Active,GOL,Rural,Southeastern B Region,Reporting
Jeade District,Sinoe,LBR-39-3924-01,Diyankpo Clinic,Public,Clinic,"[-8.508040,5.040850]",3924,Active,GOL,Rural,Southeastern A Region,Reporting
Jeade District,Sinoe,LBR-39-3924-03,Tuzon Clinic,Public,Clinic,"[-8.497310,5.095610]",3924,Active,GOL,Rural,Southeastern A Region,Reporting
Jeade District,Sinoe,LBR-39-3924-02,Government Camp Clinic,Public,Clinic,"[-8.438380,5.035670]",3924,Active,GOL,Rural,Southeastern A Region,Reporting
Jedepo District,Sinoe,LBR-39-3922-02,Ducorfree Clinic,Public,Clinic,"[-8.372750,5.263270]",3922,Active,GOL,Rural,Southeastern A Region,Reporting
Jedepo District,Sinoe,LBR-39-3922-01,Doodwicken Clinic,Public,Clinic,"[-8.639333,5.196279]",3922,Active,GOL,Rural,Southeastern A Region,Reporting
Jedepo District,Sinoe,LBR-39-3922-03,Jokoken Clinic,Public,Clinic,"[-8.128910,5.353520]",3922,Active,GOL,Rural,Southeastern A Region,Reporting
Jedepo District,Sinoe,LBR-39-3922-04,Nyennawlicken Clinic,Public,Clinic,"[-8.189770,5.369440]",3922,Active,GOL,Rural,Southeastern A Region,Reporting
Joe River District,RiverCess,LBR-36-3614-02,Gblosseo Clinic,Public,Clinic,"[-9.584630,5.775980]",3614,Active,GOL,Rural,South Central Region,Reporting
Joe River District,RiverCess,LBR-36-3614-01,Rivercess District Referral Hospital,Public,Hospital,"[-9.664400,5.747600]",3614,Active,GOL,Rural,South Central Region,Reporting
Joe River District,RiverCess,LBR-36-3614-03,Kayah Clinic,Public,Clinic,"[-9.623615,5.899695]",3614,Active,GOL,Rural,South Central Region,Reporting
Joe River District,RiverCess,LBR-36-3614-04,Sahyah Clinic,Public,Clinic,"[-9.542400,5.845220]",3614,Active,GOL,Rural,South Central Region,Reporting
Jorquelleh,Bong,LBR-06-0604-08,Tamayta Clinic,Public,Clinic,"[-9.466780,6.805970]",0604,Active,GOL,Rural,North Central Region,Reporting
Jorquelleh,Bong,LBR-06-0604-09,Wainsue Clinic,Public,Clinic,"[-9.452590,7.119080]",0604,Active,GOL,Rural,North Central Region,Reporting
Jorquelleh,Bong,LBR-06-0604-02,Africa Fundamental Baptist Mission Clinic,Faith Based,Clinic,"[-9.461370,6.979590]",0604,Active,Donor,Urband,North Central Region,Reporting
Jorquelleh,Bong,LBR-06-0604-01,Charles B Dunbar Hospital,Public,Hospital,"[-9.477240,7.004430]",0604,Active,GOL,Urband,North Central Region,Reporting
Jorquelleh,Bong,LBR-06-0604-03,Janyea Clinic,Public,Clinic,"[-9.529700,6.698880]",0604,Active,GOL,Rural,North Central Region,Reporting
Jorquelleh,Bong,LBR-06-0604-04,John Mayango,Private,Clinic,"[-9.473250,7.000710]",0604,Active,Private,Rural,North Central Region,Reporting
Jorquelleh,Bong,LBR-06-0604-06,Mainowainsue Clinic,Public,Clinic,"[-9.284174,6.793498]",0604,Active,GOL,Rural,North Central Region,Reporting
Jorquelleh,Bong,LBR-06-0604-07,Samay Clinic,Public,Clinic,"[-9.442490,6.784340]",0604,Active,GOL,Rural,North Central Region,Reporting
Jorquelleh,Bong,LBR-06-0604-10,Gbenequelleh Clinic,Public,Clinic,"[-9.460188,6.743931]",0604,Active,GOL,Rural,North Central Region,Reporting
Jowein District,RiverCess,LBR-36-3605-01,Bodowhea Clinic,Public,Clinic,"[-9.401410,6.003620]",3605,Active,GOL,Rural,South Central Region,Reporting
Jowein District,RiverCess,LBR-36-3605-02,Larkpasee Clinic,Public,Clinic,"[-9.413000,6.090380]",3605,Active,GOL,Rural,South Central Region,Reporting
Kakata District,Margibi,LBR-24-2406-01,CH Rennie Hospital,Public,Hospital,"[-10.348210,6.520220]",2406,Active,GOL,Urband,South Central Region,Reporting
Kakata District,Margibi,LBR-24-2406-04,JJ Korhene Health Care Center,Private,Health Center,"[-10.350690,6.529905]",2406,Active,Private,Urband,South Central Region,Reporting
Kakata District,Margibi,LBR-24-2406-06,Waterfield Primary Health Center,Faith Based,Health Center,"[-10.348738,6.533421]",2406,Active,Donor,Urband,South Central Region,Reporting
Kakata District,Margibi,LBR-24-2406-09,Booker Washington Institute Clinic,Public,Clinic,"[-10.355939,6.529993]",2406,Active,GOL,Urband,South Central Region,Reporting
Kakata District,Margibi,LBR-24-2406-02,Dr Barcolleh Health Center,Private,Health Center,"[-10.355870,6.530390]",2406,Active,Private,Urband,South Central Region,Reporting
Kakata District,Margibi,LBR-24-2406-03,Good Samaritan Mother and Child Health Care Center,Private,Health Center,"[-10.342443,6.542611]",2406,Active,Private,Urband,South Central Region,Reporting
Kakata District,Margibi,LBR-24-2406-05,Kakata Health Center,Public,Health Center,"[-10.334950,6.547720]",2406,Active,GOL,Urband,South Central Region,Reporting
Kakata District,Margibi,LBR-24-2406-27,Prison Level 1 Clinic,Public,Clinic,"[-10.357082,6.543477]",2406,Active,GOL,Urband,South Central Region,Reporting
Kakata District,Margibi,LBR-24-2406-11,Cinta Clinic,Public,Clinic,"[-10.213700,6.688600]",2406,Active,GOL,Rural,South Central Region,Reporting
Kakata District,Margibi,LBR-24-2406-14,Diamon Medical Pavilion Clinic,Private,Clinic,"[-10.353472,6.552378]",2406,Active,Private,Urband,South Central Region,Reporting
Kakata District,Margibi,LBR-24-2406-20,Larkay-Ta Clinic,Public,Clinic,"[-10.353220,6.671890]",2406,Active,GOL,Rural,South Central Region,Reporting
Kakata District,Margibi,LBR-24-2406-15,Gbaye-Ta Clinic,Public,Clinic,"[-10.260320,6.695870]",2406,Active,GOL,Rural,South Central Region,Reporting
Kakata District,Margibi,LBR-24-2406-19,Lango Lappay School Based Clinic,Public,Clinic,"[-10.351940,6.354167]",2406,Active,GOL,Urband,South Central Region,Reporting
Kakata District,Margibi,LBR-24-2406-33,Weala Community Clinic,Private,Clinic,"[-10.205540,6.691450]",2406,Active,Private,Rural,South Central Region,Reporting
Kakata District,Margibi,LBR-24-2406-34,Yeamai Clinic,Public,Clinic,"[-10.285260,6.747320]",2406,Active,GOL,Rural,South Central Region,Reporting
Kakata District,Margibi,LBR-24-2406-08,Barbour Hill Community Clinic,Private,Clinic,"[-10.212658,6.745647]",2406,Active,Private,Urband,South Central Region,Reporting
Kakata District,Margibi,LBR-24-2406-26,Planned Parental Association of Liberia Clinic,Private,Clinic,"[-10.340000,6.520000]",2406,Active,Private,Urband,South Central Region,Reporting
Kakata District,Margibi,LBR-24-2406-17,KRTTI Clinic,Public,Clinic,"[-10.361295,6.533335]",2406,Active,GOL,Rural,South Central Region,Reporting
Kakata District,Margibi,LBR-24-2406-30,Tucker-Ta Clinic,Public,Clinic,"[-10.246580,6.631050]",2406,Active,GOL,Rural,South Central Region,Reporting
Kakata District,Margibi,LBR-24-2406-18,KRTTI School Based Clinic,Public,Clinic,"[-10.360420,6.533373]",2406,Active,GOL,Rural,South Central Region,Reporting
Kakata District,Margibi,LBR-24-2406-22,Modern Medical Clinic,Private,Clinic,"[-10.353113,6.530049]",2406,Active,Private,Urband,South Central Region,Reporting
Kakata District,Margibi,LBR-24-2406-31,Vellay-Ta Clinic,Public,Clinic,"[-10.345605,6.542418]",2406,Active,GOL,Rural,South Central Region,Reporting
Kakata District,Margibi,LBR-24-2406-32,Weala  United Methodist Clinic,Faith Based,Clinic,"[-10.205540,6.691450]",2406,Active,Donor,Rural,South Central Region,Reporting
Kakata District,Margibi,LBR-24-2406-21,Ma. Cynthia Health Care Center,Private,Health Center,"[-10.348210,6.538817]",2406,Active,Private,Urband,South Central Region,Reporting
Kakata District,Margibi,LBR-24-2406-35,Divine Healing community Clinic,Private,Clinic,"[-10.325978,6.492842]",2406,Active,Private,Urband,South Central Region,Reporting
Karluway 1 District,Maryland,LBR-27-2708-02,Pougbaken Clinic,Public,Clinic,"[-7.755650,4.755520]",2708,Active,GOL,Rural,Southeastern B Region,Reporting
Karluway 1 District,Maryland,LBR-27-2708-01,Edith H. Wallace Health Center,Public,Health Center,"[-7.734030,4.803030]",2708,Active,GOL,Rural,Southeastern B Region,Reporting
Karluway 2 District,Maryland,LBR-27-2710-03,Tarworken Clinic,Public,Clinic,"[-7.641260,4.758290]",2710,Active,GOL,Rural,Southeastern B Region,Reporting
Karluway 2 District,Maryland,LBR-27-2710-04,Yediaken Clinic,Public,Clinic,"[-7.664490,4.676590]",2710,Active,GOL,Rural,Southeastern B Region,Reporting
Karluway 2 District,Maryland,LBR-27-2710-01,Boniken Clinic,Public,Clinic,"[-7.681560,4.641500]",2710,Active,GOL,Rural,Southeastern B Region,Reporting
Karluway 2 District,Maryland,LBR-27-2710-02,Manolu Clinic,Public,Clinic,"[-7.719010,4.719540]",2710,Active,GOL,Rural,Southeastern B Region,Reporting
Klay,Bomi,LBR-03-0302-15,A-Z Medical Center,Private,Clinic,"[-10.781278,6.738378]",0302,Active,Private,Rural,Northwestern Region,Reporting
Klay,Bomi,LBR-03-0302-09,God’s Gift Clinic,Private,Clinic,"[-10.974440,6.716340]",0302,Active,Private,Rural,Northwestern Region,Reporting
Klay,Bomi,LBR-03-0302-05,Gonzipo Clinic,Public,Clinic,"[-10.925470,6.662230]",0302,Active,GOL,Rural,Northwestern Region,Reporting
Klay,Bomi,LBR-03-0302-11,Gayah Hill Clinic,Public,Clinic,"[-10.711709,6.760699]",0302,Active,GOL,Rural,Northwestern Region,Reporting
Klay,Bomi,LBR-03-0302-08,Gogehn Clinic,Public,Clinic,"[-10.733572,6.733999]",0302,Active,GOL,Rural,Northwestern Region,Reporting
Klay,Bomi,LBR-03-0302-07,Golodee Lassana Clinic,Public,Clinic,"[-11.014320,6.687240]",0302,Active,GOL,Rural,Northwestern Region,Reporting
Klay,Bomi,LBR-03-0302-06,Gonjeh Clinic,Public,Clinic,"[-10.835060,6.647950]",0302,Active,GOL,Rural,Northwestern Region,Reporting
Klay,Bomi,LBR-03-0302-04,Malema Clinic,Public,Clinic,"[-10.973540,6.674965]",0302,Active,GOL,Rural,Northwestern Region,Reporting
Klay,Bomi,LBR-03-0302-03,Sasstown Clinic,Public,Clinic,"[-10.888900,6.583730]",0302,Active,GOL,Rural,Northwestern Region,Reporting
Klay,Bomi,LBR-03-0302-16,Gbah Jarkeh Community Clinic,Public,Clinic,"[-10.968887,6.712050]",302,Active,GOL,Rural,Northwestern Region,Reporting
Klay,Bomi,LBR-03-0302-12,Mano Clinic,Concession,Clinic,"[-10.945610,6.739270]",0302,Active,Donor,Rural,Northwestern Region,Reporting
Klay,Bomi,LBR-03-0302-01,Klay Health Center,Public,Health Center,"[-10.871975,6.537951]",0302,Active,GOL,Rural,Northwestern Region,Reporting
Klay,Bomi,LBR-03-0302-02,Besao Clinic,Public,Clinic,"[-10.913403,6.731802]",0302,Active,GOL,Rural,Northwestern Region,Reporting
Klay,Bomi,LBR-03-0302-14,Zordee Clinic,Public,Clinic,"[-10.782478,6.676014]",302,Active,GOL,Rural,Northwestern Region,Reporting
Klay,Bomi,LBR-03-0302-13,Refuge Place Int’l Annex 4 (Lowa Clinic),Private,Clinic,"[-10.759480,6.740180]",302,Active,Private,Rural,Northwestern Region,Reporting
Kokoyah,Bong,LBR-06-0618-01,Bah-ta Clinic,Public,Clinic,"[-9.295110,6.710750]",0618,Active,GOL,Rural,North Central Region,Reporting
Kokoyah,Bong,LBR-06-0618-02,Botota Clinic,Public,Clinic,"[-9.376900,6.653410]",0618,Active,GOL,Rural,North Central Region,Reporting
Kokoyah,Bong,LBR-06-0618-04,Rock Crusher Clinic,Public,Clinic,"[-9.508674,6.509709]",0618,Active,GOL,Rural,North Central Region,Reporting
Kokoyah,Bong,LBR-06-0618-05,Yolota Clinic,Public,Clinic,"[-9.196075,6.671726]",0618,Active,GOL,Rural,North Central Region,Reporting
Kokoyah,Bong,LBR-06-0618-06,Sayweh Clinic,Public,Clinic,"[-9.265230,6.627250]",0618,Active,GOL,Rural,North Central Region,Reporting
Kokoyah,Bong,LBR-06-0618-03,Gbecohn Clinic,Public,Clinic,"[-9.433510,6.668620]",0618,Active,GOL,Rural,North Central Region,Reporting
Kolahun District,Lofa,LBR-21-2104-02,Bolahun Health Center,Public,Health Center,"[-10.162300,8.228220]",2104,Active,GOL,Rural,North Central Region,Reporting
Kolahun District,Lofa,LBR-21-2104-05,Fassavolu Clinic,Public,Clinic,"[-10.065840,8.391820]",2104,Active,GOL,Rural,North Central Region,Reporting
Kolahun District,Lofa,LBR-21-2104-03,Faith Clinic,Faith Based,Clinic,"[-9.492610,7.616391]",2104,Active,Donor,Rural,North Central Region,Reporting
Kolahun District,Lofa,LBR-21-2104-06,Gondalahun Clinic,Public,Clinic,"[-10.055560,7.965340]",2104,Active,GOL,Rural,North Central Region,Reporting
Kolahun District,Lofa,LBR-21-2104-04,Fangoda Clinic,Public,Clinic,"[-10.173490,8.221480]",2104,Active,GOL,Rural,North Central Region,Reporting
Kolahun District,Lofa,LBR-21-2104-07,Korworhun Clinic,Public,Clinic,"[-10.150390,8.316280]",2104,Active,GOL,Rural,North Central Region,Reporting
Kolahun District,Lofa,LBR-21-2104-08,Mbalotahun clinic,Public,Clinic,"[-10.153182,8.219949]",2104,Active,GOL,Rural,North Central Region,Reporting
Kolahun District,Lofa,LBR-21-2104-01,Kolahun Hospital,Public,Hospital,"[-10.084100,8.294810]",2104,Active,GOL,Rural,North Central Region,Reporting
Kolahun District,Lofa,LBR-21-2104-09,Nyandemoilahun Clinic,Public,Clinic,"[-9.960120,8.442130]",2104,Active,GOL,Rural,North Central Region,Reporting
Kolahun District,Lofa,LBR-21-2104-13,Maweyansu clinic,Public,Clinic,"[-10.544928,8.991400]",2104,Active,GOL,Rural,North Central Region,Reporting
Kolahun District,Lofa,LBR-21-2104-10,Hangala Clinic,Public,Clinic,"[-10.812222,8.785017]",2104,Active,GOL,Rural,North Central Region,Reporting
Kolahun District,Lofa,LBR-21-2104-12,Boaworhun Clinic,Public,Clinic,"[-10.240000,8.364117]",2104,Active,GOL,Rural,North Central Region,Reporting
Kolahun District,Lofa,LBR-21-2104-15,Wanwoma Rubber farm clinic,Concession,Clinic,"[-10.105506,8.268245]",2104,Active,Donor,Rural,North Central Region,Reporting
Kolahun District,Lofa,LBR-21-2104-11,kpandehewa Clinic,Public,Clinic,"[-9.940243,8.475740]",2104,Active,GOL,Rural,North Central Region,Reporting
Kolahun District,Lofa,LBR-21-2104-14,Quessemba clinic,Public,Clinic,"[-10.107707,8.364262]",2104,Active,GOL,Rural,North Central Region,Reporting
Kongba District,Gbarpolu,LBR-45-4507-01,Kungbor Clinic,Public,Clinic,"[-10.575890,7.647060]",4507,Active,GOL,Rural,Northwestern Region,Reporting
Konobo District,Grand Gedeh,LBR-15-1506-01,Konobo Health Center,Public,Health Center,"[-7.855010,5.764190]",1506,Active,GOL,Rural,Southeastern A Region,Reporting
Konobo District,Grand Gedeh,LBR-15-1506-02,Boundary Clinic,Public,Clinic,"[-7.983480,5.874122]",1506,Active,GOL,Rural,Southeastern A Region,Reporting
Konobo District,Grand Gedeh,LBR-15-1506-03,Tarloken Clinic,Public,Clinic,"[-7.577180,5.838000]",1506,Active,GOL,Rural,Southeastern A Region,Reporting
Konobo District,Grand Gedeh,LBR-15-1506-04,Billibo Clinic,Public,Clinic,"[-7.627473,5.688182]",1506,Active,GOL,Rural,Southeastern B Region,Reporting
Kpaai,Bong,LBR-06-0624-01,Kpaai Clinic,Public,Clinic,"[-9.230530,6.976720]",0624,Active,GOL,Rural,North Central Region,Reporting
Kpaai,Bong,LBR-06-0624-02,Palala Clinic,Public,Clinic,"[-9.287000,7.001890]",0624,Active,GOL,Rural,North Central Region,Reporting
Kpaai,Bong,LBR-06-0624-03,Yila Clinic,Public,Clinic,"[-9.112310,6.859390]",0624,Active,GOL,Rural,North Central Region,Reporting
Kpaai,Bong,LBR-06-0624-04,Zebay Clinic,Public,Clinic,"[-9.200220,6.924790]",0624,Active,GOL,Rural,North Central Region,Reporting
Kpaai,Bong,LBR-06-0624-05,Zowienta Clinic,Public,Clinic,"[-9.184650,6.819050]",0624,Active,GOL,Rural,North Central Region,Reporting
Kpanyan District,Sinoe,LBR-39-3930-04,Kilo Town Clinic,Public,Clinic,"[-8.972230,5.092570]",3930,Active,GOL,Rural,Southeastern A Region,Reporting
Kpanyan District,Sinoe,LBR-39--3930-02,GVL Kpanyan Clinic,Concession,Clinic,"[-8.940020,5.088100]",3930,Active,Donor,Rural,Southeastern A Region,Reporting
Kpanyan District,Sinoe,LBR-39--3930-05,Panama Clinic,Public,Clinic,"[-8.939440,4.991670]",3930,Active,GOL,Rural,Southeastern A Region,Reporting
Kpanyan District,Sinoe,LBR-39--3930-07,Sinoe Rubber Company Clinic,Public,Clinic,"[-8.996360,5.133010]",3930,Active,GOL,Rural,Southeastern A Region,Reporting
Kpanyan District,Sinoe,LBR-39--3930-03,Kabada Clinic,Public,Clinic,"[-8.849320,4.989640]",3930,Active,GOL,Rural,Southeastern A Region,Reporting
Kpanyan District,Sinoe,LBR-39--3930-01,Drapoh Clinic,Public,Clinic,"[-8.776960,5.079200]",3930,Active,GOL,Rural,Southeastern A Region,Reporting
Kpanyan District,Sinoe,LBR-39--3930-06,Saywon Town Clinic,Public,Clinic,"[-8.837620,5.049280]",3930,Active,GOL,Rural,Southeastern A Region,Reporting
Kpanyan District,Sinoe,LBR-39--3930-08,Tubmanville Clinic,Public,Clinic,"[-8.887760,4.997350]",3930,Active,GOL,Rural,Southeastern A Region,Reporting
Lower Jloh  District,Grand Kru,LBR-18-1824-01,Sass Town Health Center,Public,Health Center,"[-8.426110,4.673950]",1824,Active,GOL,Rural,Southeastern B Region,Reporting
Lower Jloh  District,Grand Kru,LBR-18-1824-03,Sobo Community Clinic,Public,Clinic,"[-8.625590,4.783457]",1824,Active,GOL,Rural,Southeastern B Region,Reporting
Lower Jloh  District,Grand Kru,LBR-18-1824-02,Niful Clinic,Public,Clinic,"[-8.505590,4.726100]",1824,Active,GOL,Rural,Southeastern B Region,Reporting
Mambah-Kaba District,Margibi,LBR-24-2408-12,Boye Town Clinic,Private,Clinic,"[-10.554150,6.205710]",2408,Active,Private,Urband,South Central Region,Reporting
Mambah-Kaba District,Margibi,LBR-24-2408-13,Charlseville Clinic,Public,Clinic,"[-10.374720,6.206110]",2408,Active,GOL,Rural,South Central Region,Reporting
Mambah-Kaba District,Margibi,LBR-24-2408-05,Community Healthcare Initiatives Women and Children Health Center,Private,Health Center,"[-10.488721,6.186032]",2408,Active,Private,Urband,South Central Region,Reporting
Mambah-Kaba District,Margibi,LBR-24-2408-04,Absolute Medical Health Center,Private,Health Center,"[-10.591903,6.219274]",2408,Active,Private,Urband,South Central Region,Reporting
Mambah-Kaba District,Margibi,LBR-24-2408-01,14 Military Hospital,Public,Hospital,"[-10.565880,6.216600]",2408,Active,GOL,Urband,South Central Region,Reporting
Mambah-Kaba District,Margibi,LBR-24-2408-15,Excellent Clinic,Private,Clinic,"[-10.545588,6.205623]",2408,Active,Private,Rural,South Central Region,Reporting
Mambah-Kaba District,Margibi,LBR-24-2408-17,Jaw Community Clinic Annex 1,Private,Clinic,"[-10.361210,6.213650]",2408,Active,Private,Rural,South Central Region,Reporting
Mambah-Kaba District,Margibi,LBR-24-2408-16,J C medical Clinic,Private,Clinic,"[-10.618107,6.221214]",2408,Active,Private,Rural,South Central Region,Reporting
Mambah-Kaba District,Margibi,LBR-24-2408-18,Karwah Medical Clinic,Private,Clinic,"[-10.367187,6.248295]",2408,Active,Private,Urband,South Central Region,Reporting
Mambah-Kaba District,Margibi,LBR-24-2408-14,Daniel J. Kollie Clinic (DJK),Private,Clinic,"[-10.552383,6.204744]",2408,Active,Private,Urband,South Central Region,Reporting
Mambah-Kaba District,Margibi,LBR-24-2408-07,Maternal and Child Health Care Clinic,Private,Clinic,"[-10.541735,6.214684]",2408,Active,Private,Rural,South Central Region,Reporting
Mambah-Kaba District,Margibi,LBR-24-2408-08,New Beginning Fertility  Health Center,Private,Health Center,"[-10.503260,6.190290]",2408,Active,Private,Urband,South Central Region,Reporting
Mambah-Kaba District,Margibi,LBR-24-2408-03,Marshall Health Center,Public,Health Center,"[-10.383610,6.148610]",2408,Active,GOL,Rural,South Central Region,Reporting
Mambah-Kaba District,Margibi,LBR-24-2408-19,Kelvin Clinic,Private,Clinic,"[-10.409137,6.248582]",2408,Active,Private,Urband,South Central Region,Reporting
Mambah-Kaba District,Margibi,LBR-24-2408-10,Unification Town Health Center,Public,Health Center,"[-10.352990,6.245940]",2408,Active,GOL,Urband,South Central Region,Reporting
Mambah-Kaba District,Margibi,LBR-24-2408-21,R. S. CauldField School Base Clinic,Private,Clinic,"[-10.371013,6.244032]",2408,Active,Private,Urband,South Central Region,Reporting
Mambah-Kaba District,Margibi,LBR-24-2408-24,Summah Medical Clinic,Public,Clinic,"[-10.610618,6.224133]",2408,Active,GOL,Urband,South Central Region,Reporting
Mambah-Kaba District,Margibi,LBR-24-2408-28,Zeeworth Clinic,Public,Clinic,"[-10.555500,6.358410]",2408,Active,GOL,Rural,South Central Region,Reporting
Mambah-Kaba District,Margibi,LBR-24-2408-25,Triple T Medical Clinic,Private,Clinic,"[-10.597624,6.227645]",2408,Active,Private,Urband,South Central Region,Reporting
Mambah-Kaba District,Margibi,LBR-24-2408-23,Schefflin Town Clinic,Public,Clinic,"[-10.574900,6.214970]",2408,Active,GOL,Urband,South Central Region,Reporting
Mambah-Kaba District,Margibi,LBR-24-2408-22,Royal Home clinic,Private,Clinic,"[-10.582859,6.218178]",2408,Active,Private,Urband,South Central Region,Reporting
Mambah-Kaba District,Margibi,LBR-24-2408-06,Edward Beyan Kesselly Military Barracks Health Center,Public,Health Center,"[-10.569220,6.210890]",2408,Active,GOL,Urband,South Central Region,Reporting
Mambah-Kaba District,Margibi,LBR-24-2408-30,Ma. Juah Memorial Health Center,Private,Health Center,"[-10.437250,6.254340]",2408,Active,Private,Urband,South Central Region,Reporting
Mehnpea-Mah District,Nimba,LBR-33-3328-02,Beindin Clinic,Public,Clinic,"[-8.950875,7.074421]",3328,Active,GOL,Rural,North Central Region,Reporting
Mehnpea-Mah District,Nimba,LBR-33-3328-03,Bunadin Clinic,Public,Clinic,"[-9.074130,7.010650]",3328,Active,GOL,Rural,North Central Region,Reporting
Mehnpea-Mah District,Nimba,LBR-33-3328-06,Tunukpuyee Clinic,Public,Clinic,"[-9.005930,7.091285]",3328,Active,GOL,Rural,North Central Region,Reporting
Mehnpea-Mah District,Nimba,LBR-33-3328-04,Duo Town Clinic,Public,Clinic,"[-9.118180,6.928410]",3328,Active,GOL,Rural,North Central Region,Reporting
Mehnpea-Mah District,Nimba,LBR-33-3328-05,Kpein Clinic,Public,Clinic,"[-9.076250,7.108130]",3328,Active,GOL,Rural,North Central Region,Reporting
Mehnpea-Mah District,Nimba,LBR-33-3328-01,Zahn Bahnla Clinic,Public,Clinic,"[-9.048706,6.877495]",3328,Active,GOL,Rural,North Central Region,Reporting
Owensgrove District,Grand Bassa,LBR-09-0902-01,Bokay Town Clinic,Public,Clinic,"[-10.270590,6.212030]",0902,Active,GOL,Rural,South Central Region,Reporting
Owensgrove District,Grand Bassa,LBR-09-0902-02,Owensgrove Clinic,Public,Clinic,"[-10.324780,6.269990]",0902,Active,GOL,Rural,South Central Region,Reporting
Panta,Bong,LBR-06-0608-02,Boway Clinic,Public,Clinic,"[-9.142623,7.171311]",0608,Active,GOL,Rural,North Central Region,Reporting
Panta,Bong,LBR-06-0608-03,Foequelleh Clinic,Public,Clinic,"[-9.226890,7.127050]",0608,Active,GOL,Rural,North Central Region,Reporting
Panta,Bong,LBR-06-0608-04,Garmue Clinic,Public,Clinic,"[-9.166260,7.233500]",0608,Active,GOL,Rural,North Central Region,Reporting
Panta,Bong,LBR-06-0608-05,Jorwah Clinic,Public,Clinic,"[-9.233240,7.355660]",0608,Active,GOL,Rural,North Central Region,Reporting
Panta,Bong,LBR-06-0608-01,Bellemu Clinic,Public,Clinic,"[-9.205840,7.188330]",0608,Active,GOL,Rural,North Central Region,Reporting
Pleebo Sodoken District,Maryland,LBR-27-2712-02,Barraken Clinic,Public,Clinic,"[-7.664160,4.496500]",2712,Active,GOL,Rural,Southeastern B Region,Reporting
Pleebo Sodoken District,Maryland,LBR-27-2712-01,Pleebo Health Center,Public,Health Center,"[-7.671980,4.588260]",2712,Active,GOL,Urband,Southeastern B Region,Reporting
Pleebo Sodoken District,Maryland,LBR-27-2712-03,Cavalla Rubber Plantation Medical Center,Concession,Clinic,"[-7.662500,4.574210]",2712,Active,Private,Urband,Southeastern B Region,Reporting
Pleebo Sodoken District,Maryland,LBR-27-2712-04,Gbloken Clinic,Public,Clinic,"[-7.644350,4.528360]",2712,Active,GOL,Rural,Southeastern B Region,Reporting
Pleebo Sodoken District,Maryland,LBR-27-2712-05,Rock Town Kunokudi Clinic,Public,Clinic,"[-7.617061,4.645300]",2712,Active,GOL,Rural,Southeastern B Region,Reporting
Pleebo Sodoken District,Maryland,LBR-27-2712-06,Sodoken Clinic,Public,Clinic,"[-7.707486,4.524112]",2712,Active,GOL,Urband,Southeastern B Region,Reporting
Pleebo Sodoken District,Maryland,LBR-27-2712-07,St Francis Clinic,Faith Based,Clinic,"[-7.670730,4.583070]",2712,Active,Donor,Urband,Southeastern B Region,Reporting
Porkpa District,Grand Cape Mount,LBR-12-1206-03,Bendaja Clinic,Public,Clinic,"[-11.243690,7.158050]",1206,Active,GOL,Rural,Northwestern Region,Reporting
Porkpa District,Grand Cape Mount,LBR-12-1206-04,Kawelahum Clinic,Public,Clinic,"[-11.027710,7.403840]",1206,Active,GOL,Rural,Northwestern Region,Reporting
Porkpa District,Grand Cape Mount,LBR-12-1206-01,Damballa Health Center,Public,Health Center,"[-11.281870,7.137220]",1206,Active,GOL,Rural,Northwestern Region,Reporting
Porkpa District,Grand Cape Mount,LBR-12-1206-02,Bamballa Clinic,Public,Clinic,"[-11.172840,7.222170]",1206,Active,GOL,Rural,Northwestern Region,Reporting
Porkpa District,Grand Cape Mount,LBR-12-1206-05,Kongo Mano River Clinic,Public,Clinic,"[-11.137820,7.330800]",1206,Active,GOL,Rural,Northwestern Region,Reporting
Potupo District,RiverGee,LBR-42-4212-04,Juwelpo Clinic,Public,Clinic,"[-7.825240,5.408720]",4212,Active,GOL,Rural,Southeastern B Region,Reporting
Potupo District,RiverGee,LBR-42-4212-02,Connie Brown Christians Clinic,Private,Clinic,"[-7.892422,5.205589]",4212,Active,Private,Rural,Southeastern B Region,Reporting
Potupo District,RiverGee,LBR-42-4212-03,Jayproken Clinic,Public,Clinic,"[-7.846120,5.286580]",4212,Active,GOL,Rural,Southeastern B Region,Reporting
Potupo District,RiverGee,LBR-42-4212-01,Fish Town Hospital,Public,Hospital,"[-7.880560,5.197190]",4212,Active,GOL,Urband,Southeastern B Region,Reporting
Putu District,Grand Gedeh,LBR-15-1512-01,Karlorwleh Town Clinic,Public,Clinic,"[-8.148070,5.754320]",1512,Active,GOL,Rural,Southeastern A Region,Reporting
Putu District,Grand Gedeh,LBR-15-1512-03,Putu Pennokon Clinic,Public,Clinic,"[-8.153580,5.600730]",1512,Active,GOL,Rural,Southeastern A Region,Reporting
Putu District,Grand Gedeh,LBR-15-1512-02,Putu Jarwodee Clinic,Public,Clinic,"[-8.321080,5.614960]",1512,Active,GOL,Rural,Southeastern A Region,Reporting
Pynes Town District,Sinoe,LBR-39-3920-01,Chebioh's Town Clinic,Public,Clinic,"[-8.633080,5.528860]",3920,Active,GOL,Rural,Southeastern A Region,Reporting
Pynes Town District,Sinoe,LBR-39-3920-02,Payne Town Clinic,Public,Clinic,"[-8.401010,5.693640]",3920,Active,GOL,Rural,Southeastern A Region,Reporting
Pynes Town District,Sinoe,LBR-39-3920-03,Pelloken Clinic,Public,Clinic,"[-8.590730,5.678830]",3920,Active,GOL,Rural,Southeastern A Region,Reporting
Pynes Town District,Sinoe,LBR-39-3920-04,Voogbadee Clinic,Public,Clinic,"[-8.533330,5.783330]",3920,Active,GOL,Rural,Southeastern A Region,Reporting
Saclepea Mah District,Nimba,LBR-33-3332-01,Sacleapea Comprehensive Health Center,Public,Health Center,"[-8.845130,6.975590]",3332,Active,GOL,Rural,North Central Region,Reporting
Saclepea Mah District,Nimba,LBR-33-3332-02,Cocopa Clinic,Concession,Clinic,"[-8.865030,7.102750]",3332,Active,Donor,Rural,North Central Region,Reporting
Saclepea Mah District,Nimba,LBR-33-3332-06,Karnwee Clinic,Public,Clinic,"[-8.848560,7.030030]",3332,Active,GOL,Rural,North Central Region,Reporting
Saclepea Mah District,Nimba,LBR-33-3332-09,Saclepea Dorcus Mantor Clinic,Private,Clinic,"[-8.839135,6.966289]",3332,Active,Private,Rural,North Central Region,Reporting
Saclepea Mah District,Nimba,LBR-33-3332-03,Duayee Clinic,Public,Clinic,"[-8.952960,6.879570]",3332,Active,GOL,Rural,North Central Region,Reporting
Saclepea Mah District,Nimba,LBR-33-3332-05,Flumpa Mission Clinic,Faith Based,Clinic,"[-8.920400,7.111510]",3332,Active,Donor,Rural,North Central Region,Reporting
Saclepea Mah District,Nimba,LBR-33-3332-07,Kpallah Clinic,Public,Clinic,"[-8.918152,6.978640]",3332,Active,GOL,Rural,North Central Region,Reporting
Saclepea Mah District,Nimba,LBR-33-3332-08,Kpaytuo Clinic,Public,Clinic,"[-8.811110,6.806110]",3332,Active,GOL,Rural,North Central Region,Reporting
Saclepea Mah District,Nimba,LBR-33-3332-10,ULIC Saclepea Mission Clinic,Faith Based,Clinic,"[-8.841820,6.956150]",3332,Active,Donor,Rural,North Central Region,Reporting
Saclepea Mah District,Nimba,LBR-33-3332-04,Flumpa Clinic,Public,Clinic,"[-8.911580,7.108320]",3332,Active,GOL,Rural,North Central Region,Reporting
Salala,Bong,LBR-06-0610-01,Salala Clinic,Public,Clinic,"[-10.097980,6.749960]",0610,Active,GOL,Rural,North Central Region,Reporting
Salala,Bong,LBR-06-0610-02,Tokpaipolu Clinic,Public,Clinic,"[-9.872410,6.654260]",0610,Active,GOL,Rural,North Central Region,Reporting
Salala,Bong,LBR-06-0610-03,Totota Clinic,Public,Clinic,"[-9.941770,6.810620]",0610,Active,GOL,Rural,North Central Region,Reporting
Salayea District,Lofa,LBR-21-2106-01,Faith Medical Lab Clinic,Private,Clinic,"[-9.492870,7.616600]",2106,Active,Private,Rural,North Central Region,Reporting
Salayea District,Lofa,LBR-21-2106-02,Ganglota Clinic,Public,Clinic,"[-9.491940,7.420470]",2106,Active,GOL,Rural,North Central Region,Reporting
Salayea District,Lofa,LBR-21-2106-03,Gbanway Clinic,Public,Clinic,"[-9.426430,7.687920]",2106,Active,GOL,Rural,North Central Region,Reporting
Salayea District,Lofa,LBR-21-2106-04,Gbonyea Clinic,Public,Clinic,"[-9.549410,7.507220]",2106,Active,GOL,Rural,North Central Region,Reporting
Salayea District,Lofa,LBR-21-2106-07,Kpayaquelle Clinic,Public,Clinic,"[-9.603490,7.469210]",2106,Active,GOL,Rural,North Central Region,Reporting
Salayea District,Lofa,LBR-21-2106-05,Gorlu Clinic,Public,Clinic,"[-9.478760,7.519790]",2106,Active,GOL,Rural,North Central Region,Reporting
Salayea District,Lofa,LBR-21-2106-08,Salayea Clinic,Public,Clinic,"[-9.490200,7.616400]",2106,Active,GOL,Rural,North Central Region,Reporting
Salayea District,Lofa,LBR-21-2106-06,Kpaiyea Clinic,Public,Clinic,"[-9.385830,7.715870]",2106,Active,GOL,Rural,North Central Region,Reporting
Salayea District,Lofa,LBR-21-2106-09,Sucromu Clinic,Public,Clinic,"[-9.436140,7.721960]",2106,Active,GOL,Rural,North Central Region,Reporting
Salayea District,Lofa,LBR-21-2106-10,Yarpuah Clinic,Public,Clinic,"[-9.422590,7.655070]",2106,Active,GOL,Rural,North Central Region,Reporting
Sanniquelleh Mahn District,Nimba,LBR-33-3302-01,GW Harley Hospital,Public,Hospital,"[-8.714240,7.357530]",3302,Active,GOL,Urband,North Central Region,Reporting
Sanniquelleh Mahn District,Nimba,LBR-33-3302-02,Arcelor Mittal Hospital,Concession,Hospital,"[-8.537930,7.584780]",3302,Active,Donor,Rural,North Central Region,Reporting
Sanniquelleh Mahn District,Nimba,LBR-33-3302-03,Duo Tiayee Clinic,Public,Clinic,"[-8.658870,7.247030]",3302,Active,GOL,Rural,North Central Region,Reporting
Sanniquelleh Mahn District,Nimba,LBR-33-3302-04,Lugbehyee Clinic,Public,Clinic,"[-8.620150,7.606390]",3302,Active,GOL,Rural,North Central Region,Reporting
Sanniquelleh Mahn District,Nimba,LBR-33-3302-06,St Mary's Clinic,Faith Based,Clinic,"[-8.706860,7.363410]",3302,Active,Donor,Rural,North Central Region,Reporting
Sanniquelleh Mahn District,Nimba,LBR-33-3302-05,Pentecostal Clinic,Faith Based,Clinic,"[-8.564737,7.543850]",3302,Active,Donor,Rural,North Central Region,Reporting
Sanniquelleh Mahn District,Nimba,LBR-33-3302-07,Young Men's Christian Association Clinic,Faith Based,Clinic,"[-8.545300,7.574670]",3302,Active,Donor,Rural,North Central Region,Reporting
Sanniquelleh Mahn District,Nimba,LBR-33-3302-08,Grace Diagnostic & Treatment Center,Private,Clinic,,3302,Active,Private,Urband,North Central Region,Reporting
Sanoyea,Bong,LBR-06-0612-02,Gbonota Clinic,Public,Clinic,"[-9.779750,7.113370]",0612,Active,GOL,Rural,North Central Region,Reporting
Sanoyea,Bong,LBR-06-0612-01,Beletanda,Public,Clinic,"[-9.842329,7.139691]",0612,Active,GOL,Rural,North Central Region,Reporting
Sanoyea,Bong,LBR-06-0612-03,Kelebei Clinic,Public,Clinic,"[-10.096391,7.017663]",0612,Active,GOL,Rural,North Central Region,Reporting
Sanoyea,Bong,LBR-06-0612-04,Sanoyea Clinic,Public,Clinic,"[-9.981640,6.974440]",0612,Active,GOL,Rural,North Central Region,Reporting
Sarbo District,RiverGee,LBR-42-4216-02,Free Town Clinic,Public,Clinic,"[-7.522681,5.345618]",4216,Active,GOL,Rural,Southeastern B Region,Reporting
Sarbo District,RiverGee,LBR-42-4216-04,U-Bor Clinic,Public,Clinic,"[-7.508890,5.440740]",4216,Active,GOL,Rural,Southeastern B Region,Reporting
Sarbo District,RiverGee,LBR-42-4216-03,River Gbeh Clinic,Public,Clinic,"[-7.664440,5.211650]",4216,Active,GOL,Rural,Southeastern B Region,Reporting
Sarbo District,RiverGee,LBR-42-4216-01,Sarbo Health Center,Public,Health Center,"[-7.732420,5.126670]",4216,Active,GOL,Rural,Southeastern B Region,Reporting
Senjeh,Bomi,LBR-03-306-01,Liberia Government Hospital (Bomi),Public,Hospital,"[-10.830810,6.866330]",306,Active,GOL,Rural,Northwestern Region,Reporting
Senjeh,Bomi,LBR-03-306-05,Sackie Town Clinic,Public,Clinic,"[-10.929372,6.976000]",306,Active,GOL,Rural,Northwestern Region,Reporting
Senjeh,Bomi,LBR-03-306-03,Beafine Community Clinic,Public,Clinic,"[-10.899450,6.862380]",306,Active,Private,Rural,Northwestern Region,Reporting
Senjeh,Bomi,LBR-03-306-06,St Luke's Clinic,Faith Based,Clinic,"[-10.828006,6.876000]",0306,Active,Donor,Rural,Northwestern Region,Reporting
Senjeh,Bomi,LBR-03-306-02,Ahmiddiya Clinic,Faith Based,Clinic,"[-10.824002,6.868890]",306,Active,Donor,Rural,Northwestern Region,Reporting
Senjeh,Bomi,LBR-03-306-04,Yomo Clinic,Public,Clinic,"[-10.764985,6.947658]",306,Active,GOL,Rural,Northwestern Region,Reporting
Somalia Drive District,Montserrado,LBR-30-3014-05,EJ Goodridge HC,Public,Health Center,"[-10.738540,6.358110]",3014,Active,GOL,Urband,South Central Region,Reporting
Somalia Drive District,Montserrado,LBR-30-3014-06,THT Health Center,Private,Health Center,"[-10.737790,6.340450]",3014,Active,Private,Urband,South Central Region,Reporting
Somalia Drive District,Montserrado,LBR-30-3014-07,New Georgia Community Health Center,Public,Health Center,"[-10.766670,6.366670]",3014,Active,GOL,Urband,South Central Region,Reporting
Somalia Drive District,Montserrado,LBR-30-3014-10,AFRO-Medical Community Clinic,Private,Clinic,"[-10.703697,6.296725]",3014,Active,Private,Urband,South Central Region,Reporting
Somalia Drive District,Montserrado,LBR-30-3014-37,Hope For Women Clinic,Private,Clinic,"[-10.701890,6.268050]",3014,Active,Private,Urband,South Central Region,Reporting
Somalia Drive District,Montserrado,LBR-30-3014-39,Iron Factory Clinic,Private,Clinic,"[-10.762394,6.336657]",3014,Active,Private,Urband,South Central Region,Reporting
Somalia Drive District,Montserrado,LBR-30-3014-40,Jacob K Morris Clinic,Private,Clinic,"[-10.715202,6.305566]",3014,Active,Private,Urband,South Central Region,Reporting
Somalia Drive District,Montserrado,LBR-30-3014-54,Maggie Medical Clinic,Private,Clinic,"[-10.742302,6.341380]",3014,Active,Private,Urband,South Central Region,Reporting
Somalia Drive District,Montserrado,LBR-30-3014-13,Bardnersville Medical  & Lab Community Clinic,Public,Clinic,"[-10.737253,6.364233]",3014,Active,GOL,Urband,South Central Region,Reporting
Somalia Drive District,Montserrado,LBR-30-3014-14,Benko Clinic,Private,Clinic,,3014,Active,Private,Urband,South Central Region,Reporting
Somalia Drive District,Montserrado,LBR-30-3014-41,Jaw Community Clinic,Private,Clinic,"[-10.741070,6.327950]",3014,Active,Private,Urband,South Central Region,Reporting
Somalia Drive District,Montserrado,LBR-30-3014-46,Kenneh Medical Clinic,Private,Clinic,"[-10.724410,6.304080]",3014,Active,Private,Urband,South Central Region,Reporting
Somalia Drive District,Montserrado,LBR-30-3014-47,Leonell Gulf Community Clinic,Private,Clinic,,3014,Active,Private,Urband,South Central Region,Reporting
Somalia Drive District,Montserrado,LBR-30-3014-48,LESH Medical Clinic,Private,Clinic,"[-10.729790,6.357520]",3014,Active,Private,Urband,South Central Region,Reporting
Somalia Drive District,Montserrado,LBR-30-3014-15,Bethesda Medical Center,Private,Health Center,,3014,Active,Private,Urband,South Central Region,Reporting
Somalia Drive District,Montserrado,LBR-30-3014-16,Blessing Maternity Clinic,Private,Clinic,"[-10.706088,6.294522]",3014,Active,Private,Urband,South Central Region,Reporting
Somalia Drive District,Montserrado,LBR-30-3014-18,CAP Merlin Youth Clinic,Private,Clinic,,3014,Active,Private,Urband,South Central Region,Reporting
Somalia Drive District,Montserrado,LBR-30-3014-19,Chocolate City Clinic LCL,Private,Clinic,,3014,Active,Private,Urband,South Central Region,Reporting
Somalia Drive District,Montserrado,LBR-30-3014-20,City View Comm. Clinic,Private,Clinic,"[-10.708520,6.326300]",3014,Active,Private,Urband,South Central Region,Reporting
Somalia Drive District,Montserrado,LBR-30-3014-17,BRAC Diagnostic Laboratory Clinic,Private,Clinic,"[-10.738756,6.334977]",3014,Active,Private,Urband,South Central Region,Reporting
Somalia Drive District,Montserrado,LBR-30-3014-21,Darquee Town Community Clinic,Public,Clinic,,3014,Active,GOL,Urband,South Central Region,Reporting
Somalia Drive District,Montserrado,LBR-30-3014-42,Jobeta Clinic,Private,Clinic,"[-10.737253,6.343832]",3014,Active,Private,Urband,South Central Region,Reporting
Somalia Drive District,Montserrado,LBR-30-3014-43,Julius Roger Maternity Clinic,Private,Clinic,"[-10.742790,6.362040]",3014,Active,Private,Urband,South Central Region,Reporting
Somalia Drive District,Montserrado,LBR-30-3014-52,Ma -Watta Medical & Eye,Private,Clinic,"[-10.692340,6.281020]",3014,Active,Private,Urband,South Central Region,Reporting
Somalia Drive District,Montserrado,LBR-30-3014-45,Kelvin Medical & Lab. Clinic,Private,Clinic,"[-10.754360,6.351890]",3014,Active,Private,Urband,South Central Region,Reporting
Somalia Drive District,Montserrado,LBR-30-3014-01,J N Davies Hospital,Public,Hospital,"[-10.709080,6.267520]",3014,Active,GOL,Urband,South Central Region,Reporting
Somalia Drive District,Montserrado,LBR-30-3014-22,Diagnostic Rescue International Clinic,Private,Clinic,,3014,Active,Private,Urband,South Central Region,Reporting
Somalia Drive District,Montserrado,LBR-30-3014-24,Dr. Bob Community Clinic,Private,Clinic,"[-10.733883,6.361455]",3014,Active,Private,Urband,South Central Region,Reporting
Somalia Drive District,Montserrado,LBR-30-3014-23,Divine Wonder Community Clinic,Private,Clinic,"[-10.746270,6.333292]",3014,Active,Private,Urband,South Central Region,Reporting
Somalia Drive District,Montserrado,LBR-30-3014-02,JAHMALE Medical Solutions,Private,Health Center,"[-10.703825,6.265417]",3014,Active,Private,Urband,South Central Region,Not Reporting
Somalia Drive District,Montserrado,LBR-30-3014-25,Faith Medical & Laboratory Clinic,Private,Clinic,"[-10.693220,6.292690]",3014,Active,Private,Urband,South Central Region,Reporting
Somalia Drive District,Montserrado,LBR-30-3014-26,Faith Medical Clinic Annex  II,Private,Clinic,"[-10.484523,6.402051]",3014,Active,Private,Urband,South Central Region,Reporting
Somalia Drive District,Montserrado,LBR-30-3014-51,M. Watta Kamara Medical Clinic,Private,Clinic,,3014,Active,Private,Urband,South Central Region,Reporting
Somalia Drive District,Montserrado,LBR-30-3014-50,LPRC Community Clinic,Private,Clinic,"[-10.734020,6.327680]",3014,Active,Private,Urband,South Central Region,Reporting
Somalia Drive District,Montserrado,LBR-30-3014-53,Ma- Bea Community Clinic,Private,Clinic,"[-10.715257,6.289847]",3014,Active,Private,Urband,South Central Region,Reporting
Somalia Drive District,Montserrado,LBR-30-3014-27,Family Medical Clinic,Private,Clinic,"[-10.735387,6.364343]",3014,Active,Private,Urband,South Central Region,Reporting
Somalia Drive District,Montserrado,LBR-30-3014-03,Barnersville HC,Public,Health Center,"[-10.733330,6.366670]",3014,Active,GOL,Urband,South Central Region,Reporting
Somalia Drive District,Montserrado,LBR-30-3014-30,FREDAI Medical Clinic,Private,Clinic,"[-10.692350,6.281020]",3014,Active,Private,Urband,South Central Region,Reporting
Somalia Drive District,Montserrado,LBR-30-3014-28,Forkey Maternity Clinic,Private,Clinic,"[-10.692285,6.281720]",3014,Active,Private,Urband,South Central Region,Reporting
Somalia Drive District,Montserrado,LBR-30-3014-32,Gardnersville Community Clinic,Public,Clinic,"[-10.730000,6.336670]",3014,Active,GOL,Urband,South Central Region,Reporting
Somalia Drive District,Montserrado,LBR-30-3014-04,Chocolate City HC,Public,Health Center,"[-10.752508,6.329127]",3014,Active,GOL,Urband,South Central Region,Reporting
Somalia Drive District,Montserrado,LBR-30-3014-33,Guru Nanak Clinic,Concession,Clinic,"[-10.761450,6.336640]",3014,Active,Donor,Urband,South Central Region,Reporting
Somalia Drive District,Montserrado,LBR-30-3014-34,Haja Kadiatu Sherif Memorial Clinic,Private,Clinic,"[-10.701363,6.279865]",3014,Active,Private,Urband,South Central Region,Reporting
Somalia Drive District,Montserrado,LBR-30-3014-35,Healthline Medical Clinic,Private,Clinic,"[-10.734567,6.375269]",3014,Active,Private,Urband,South Central Region,Reporting
Somalia Drive District,Montserrado,LBR-30-3014-55,Marie Thomas clinic,Private,Clinic,"[-10.733647,6.315038]",3014,Active,Private,Urband,South Central Region,Reporting
Somalia Drive District,Montserrado,LBR-30-3014-57,Triple M-S Medical & Surgical Clinic,Private,Clinic,"[-10.721540,6.372210]",3014,Active,Private,Urband,South Central Region,Reporting
Somalia Drive District,Montserrado,LBR-30-3014-63,Mother Ida Community Clinic,Private,Clinic,"[-10.736070,6.336840]",3014,Active,Private,Urband,South Central Region,Reporting
Somalia Drive District,Montserrado,LBR-30-3014-64,National Police Training Academy Clinic,Public,Clinic,"[-10.701905,6.283207]",3014,Active,GOL,Urband,South Central Region,Reporting
Somalia Drive District,Montserrado,LBR-30-3014-66,New Sight Eye Center,Private,Health Center,"[-10.698220,6.295110]",3014,Active,Private,Urband,South Central Region,Reporting
Somalia Drive District,Montserrado,LBR-30-3014-68,P K Nyansaiye Medical Clinic,Private,Clinic,"[-10.697670,6.283100]",3014,Active,Private,Urband,South Central Region,Reporting
Somalia Drive District,Montserrado,LBR-30-3014-73,Peace Home Medical Clinic,Private,Clinic,"[-10.704520,6.299610]",3014,Active,Private,Urband,South Central Region,Reporting
Somalia Drive District,Montserrado,LBR-30-3014-71,Patience Frist Medical Center,Private,Health Center,,3014,Active,Private,Urband,South Central Region,Reporting
Somalia Drive District,Montserrado,LBR-30-3014-76,PESAM Medical Clinic,Private,Clinic,"[-10.726260,6.367430]",3014,Active,Private,Urband,South Central Region,Reporting
Somalia Drive District,Montserrado,LBR-30-3014-78,Rambow Clinic,Private,Clinic,"[-10.754540,6.336430]",3014,Active,Private,Urband,South Central Region,Reporting
Somalia Drive District,Montserrado,LBR-30-3014-83,Sarah Doe Memorial,Private,Clinic,,3014,Active,Private,Urband,South Central Region,Reporting
Somalia Drive District,Montserrado,LBR-30-3014-79,Rapha Medical Clinic,Private,Clinic,"[-10.738530,6.358210]",3014,Active,Private,Urband,South Central Region,Reporting
Somalia Drive District,Montserrado,LBR-30-3014-82,Samaritan Mission Medical Center,Private,Health Center,"[-10.716420,6.315040]",3014,Active,Private,Urband,South Central Region,Reporting
Somalia Drive District,Montserrado,LBR-30-3014-80,RH Ferguson Health Center,Public,Health Center,"[-10.740000,6.336670]",3014,Active,GOL,Urband,South Central Region,Reporting
Somalia Drive District,Montserrado,LBR-30-3014-81,Safe Zone Community Clinic,Private,Clinic,"[-10.755060,6.341080]",3014,Active,Private,Urband,South Central Region,Reporting
Somalia Drive District,Montserrado,LBR-30-3014-85,Sawee Medical Clinic,Private,Clinic,"[-10.760350,6.352420]",3014,Active,Private,Urband,South Central Region,Reporting
Somalia Drive District,Montserrado,LBR-30-3014-86,Sister Agnes Health Center,Private,Health Center,"[-10.746610,6.336030]",3014,Active,Private,Urband,South Central Region,Reporting
Somalia Drive District,Montserrado,LBR-30-3014-87,Sister Barbara Ann Health Center,Private,Health Center,"[-10.735480,6.326300]",3014,Active,Private,Urband,South Central Region,Reporting
Somalia Drive District,Montserrado,LBR-30-3014-88,Stamar Karmo Clinic,Private,Clinic,"[-10.733370,6.346060]",3014,Active,Private,Urband,South Central Region,Reporting
Somalia Drive District,Montserrado,LBR-30-3014-89,Stanko Maternity Clinic,Private,Clinic,"[-10.723310,6.331180]",3014,Active,Private,Urband,South Central Region,Reporting
Somalia Drive District,Montserrado,LBR-30-3014-94,Jamaica Rd Clinic,Public,Clinic,,3014,Active,Private,Urband,South Central Region,Reporting
St Paul River District,Montserrado,LBR-30-3006-02,Bromely Community Health Center,Public,Health Center,"[-10.766670,6.416670]",3006,Active,GOL,Urband,South Central Region,Reporting
St Paul River District,Montserrado,LBR-30-3006-04,Amusawyer Clinic,Private,Clinic,"[-10.788000,6.433500]",3006,Active,Private,Urband,South Central Region,Reporting
St Paul River District,Montserrado,LBR-30-3006-03,AF Russell Clinic,Public,Clinic,"[-10.766670,6.410000]",3006,Active,GOL,Urband,South Central Region,Reporting
St Paul River District,Montserrado,LBR-30-3006-01,Island Hospital,Public,Hospital,"[-10.786500,6.385340]",3006,Active,GOL,Urband,South Central Region,Reporting
St Paul River District,Montserrado,LBR-30-3006-07,Arthington Clinic,Public,Clinic,"[-10.676670,6.511940]",3006,Active,GOL,Rural,South Central Region,Reporting
St Paul River District,Montserrado,LBR-30-3006-08,Banjor Comm Clinic,Public,Clinic,"[-10.795000,6.407220]",3006,Active,GOL,Rural,North Central Region,Reporting
St Paul River District,Montserrado,LBR-30-3006-13,Esther & Robertson Clinic,Private,Clinic,"[-10.802010,6.453760]",3006,Active,Private,Urband,South Central Region,Reporting
St Paul River District,Montserrado,LBR-30-3006-09,Blamacee Clinic,Public,Clinic,"[-10.814975,6.438143]",3006,Active,GOL,Rural,Southeastern B Region,Reporting
St Paul River District,Montserrado,LBR-30-3006-11,City Medical Clinic,Private,Clinic,"[-10.795510,6.410740]",3006,Active,Private,Urband,South Central Region,Reporting
St Paul River District,Montserrado,LBR-30-3006-14,Faith Health Center,Private,Health Center,"[-10.788790,6.403280]",3006,Active,Private,Urband,North Central Region,Reporting
St Paul River District,Montserrado,LBR-30-3006-15,Gbondoi Clinic,Private,Clinic,"[-10.788750,6.513720]",3006,Active,Private,Urband,North Central Region,Reporting
St Paul River District,Montserrado,LBR-30-3006-20,Iron Gate Medical & Laboratory Clinic,Private,Clinic,"[-10.784066,6.415699]",3006,Active,Private,Urband,South Central Region,Reporting
St Paul River District,Montserrado,LBR-30-3006-17,Glory of Christ Community Clinic,Private,Clinic,"[-10.810637,6.430122]",3006,Active,Private,Urband,South Central Region,Reporting
St Paul River District,Montserrado,LBR-30-3006-19,Imani House Clinic,Private,Clinic,"[-10.788170,6.439040]",3006,Active,Private,Urband,South Central Region,Reporting
St Paul River District,Montserrado,LBR-30-3006-22,ACRES Community Clinic,Private,Clinic,"[-10.669040,6.483510]",3006,Active,Private,Urband,South Central Region,Reporting
St Paul River District,Montserrado,LBR-30-3006-26,Mairiama Z. Brown Clinic,Private,Clinic,"[-10.799450,6.435580]",3006,Active,Private,Urband,South Central Region,Reporting
St Paul River District,Montserrado,LBR-30-3006-30,New Community Clinic,Private,Clinic,"[-10.785600,6.398390]",3006,Active,Private,Urband,South Central Region,Reporting
St Paul River District,Montserrado,LBR-30-3006-23,Kpalla Clinic,Public,Clinic,"[-10.812960,6.428120]",3006,Active,GOL,Urband,South Central Region,Reporting
St Paul River District,Montserrado,LBR-30-3006-25,Lott Carey Mission School Clinic,Faith Based,Clinic,,3006,Active,Donor,Urband,South Central Region,Reporting
St Paul River District,Montserrado,LBR-30-3006-32,RC Marshall Clinic,Public,Clinic,"[-10.766600,6.420000]",3006,Active,GOL,Urband,South Central Region,Reporting
St Paul River District,Montserrado,LBR-30-3006-31,Orange Village (Mama Tormah) Clinic,Public,Clinic,"[-10.797028,6.445615]",3006,Active,GOL,Urband,South Central Region,Reporting
St Paul River District,Montserrado,LBR-30-3006-35,Ricks Clinic,Private,Clinic,,3006,Active,Private,Urband,South Central Region,Reporting
St Paul River District,Montserrado,LBR-30-3006-38,Tenegar Community Clinic,Public,Clinic,"[-10.751960,6.514370]",3006,Active,GOL,Urband,South Central Region,Reporting
Suakoko,Bong,LBR-06-0614-01,Phebe Hospital,Faith Based,Hospital,"[-9.553360,7.027490]",0614,Active,Donor,Rural,North Central Region,Reporting
Suakoko,Bong,LBR-06-0614-02,Agape Clinic,Faith Based,Clinic,"[-9.551390,7.045200]",0614,Active,Donor,Rural,North Central Region,Reporting
Suakoko,Bong,LBR-06-0614-03,D.C. Mark Clinic,Public,Clinic,"[-9.649227,6.827243]",0614,Active,GOL,Rural,North Central Region,Reporting
Suakoko,Bong,LBR-06-0614-04,Fenutoli Clinic,Public,Clinic,"[-9.691190,6.679030]",0614,Active,GOL,Rural,North Central Region,Reporting
Suakoko,Bong,LBR-06-0614-05,Gbarnla Clinic,Public,Clinic,"[-9.752330,7.006460]",0614,Active,GOL,Rural,North Central Region,Reporting
Suakoko,Bong,LBR-06-0614-06,Gbartala Clinic,Public,Clinic,"[-9.673500,6.890380]",0614,Active,GOL,Rural,North Central Region,Reporting
Suakoko,Bong,LBR-06-0614-07,Nyarta Clinic,Public,Clinic,"[-9.559071,6.842020]",0614,Active,GOL,Rural,North Central Region,Reporting
Suakoko,Bong,LBR-06-0614-08,Zeanzue Clinic,Public,Clinic,"[-9.760550,6.881530]",0614,Active,GOL,Rural,North Central Region,Reporting
Suehn Mecca,Bomi,LBR-03-304-05,Weawolo Clinic,Public,Clinic,"[-10.773820,6.623870]",304,Active,GOL,Rural,Northwestern Region,Reporting
Suehn Mecca,Bomi,LBR-03-304-02,Mecca Clinic,Public,Clinic,"[-10.570000,6.831370]",304,Active,GOL,Rural,Northwestern Region,Reporting
Suehn Mecca,Bomi,LBR-03-304-01,Fefeh Town Clinic,Public,Clinic,"[-10.741000,6.651810]",304,Active,GOL,Rural,Northwestern Region,Reporting
Suehn Mecca,Bomi,LBR-03-304-03,Mulbah Town Clinic,Public,Clinic,"[-10.616648,6.754325]",304,Active,GOL,Rural,Northwestern Region,Reporting
Suehn Mecca,Bomi,LBR-03-304-04,Suehn Clinic,Public,Clinic,"[-10.702100,6.626860]",304,Active,GOL,Rural,Northwestern Region,Reporting
Tappita District,Nimba,LBR-33-3314-04,Glahn's Town,Public,Clinic,"[-8.934263,6.263950]",3314,Active,GOL,Rural,North Central Region,Reporting
Tappita District,Nimba,LBR-33-3314-03,Diallah Clinic,Public,Clinic,"[-8.698630,6.476830]",3314,Active,GOL,Rural,North Central Region,Reporting
Tappita District,Nimba,LBR-33-3314-05,Mid Baptist Clinic,Faith Based,Clinic,"[-8.869060,6.495080]",3314,Active,Donor,Rural,North Central Region,Reporting
Tappita District,Nimba,LBR-33-3314-06,Zodru Clinic,Public,Clinic,"[-8.571160,6.569970]",3314,Active,GOL,Rural,North Central Region,Reporting
Tappita District,Nimba,LBR-33-3314-02,Consolata Clinic,Faith Based,Clinic,"[-8.863650,6.487990]",3314,Active,Donor,Rural,North Central Region,Reporting
Tappita District,Nimba,LBR-33-3314-01,Jackson F. Doe Memorial Hospital,Public,Hospital,"[-8.861280,6.490870]",3314,Active,GOL,Rural,North Central Region,Reporting
Tappita District,Nimba,LBR-33-3314-07,Tiah Town clinic,Public,Clinic,"[-9.128611,6.369444]",3314,Active,GOL,Rural,North Central Region,Reporting
Tarjuwon District,Sinoe,LBR-39-3907-03,Jacksonville Clinic,Public,Clinic,"[-9.085800,5.412460]",3907,Active,GOL,Rural,Southeastern A Region,Reporting
Tarjuwon District,Sinoe,LBR-39-3907-02,Elizabeth Nyanti Institute Clinic,Public,Clinic,"[-8.931690,5.436260]",3907,Active,GOL,Rural,Southeastern A Region,Reporting
Tarjuwon District,Sinoe,LBR-39-3907-01,Gbason Town Clinic,Public,Clinic,"[-8.902658,5.318911]",3907,Active,GOL,Rural,Southeastern A Region,Reporting
Tarjuwon District,Sinoe,LBR-39-3907-04,Juahzon Clinic,Public,Clinic,"[-8.849860,5.379710]",3907,Active,GOL,Rural,Southeastern A Region,Reporting
Tarjuwon District,Sinoe,LBR-39-3907-06,Wiah Town Clinic,Public,Clinic,"[-9.001610,5.294140]",3907,Active,GOL,Rural,Southeastern A Region,Reporting
Tarjuwon District,Sinoe,LBR-39-3907-05,Roselyn Toe Massaquoi Clinic,Public,Clinic,"[-8.849860,5.379710]",3907,Active,GOL,Rural,Southeastern A Region,Reporting
Tarsue District,Sinoe,LBR-39-3909-01,B O P Clinc,Public,Clinic,"[-9.171500,5.254960]",3909,Active,GOL,Rural,Southeastern A Region,Reporting
Tchien District,Grand Gedeh,LBR-15-1508-01,Martha Tubman Memorial Hospital,Public,Hospital,"[-8.124610,6.077760]",1508,Active,GOL,Urband,Southeastern A Region,Reporting
Tchien District,Grand Gedeh,LBR-15-1508-05,Gorbowrogba Clinic,Public,Clinic,"[-8.348250,5.754470]",1508,Active,GOL,Rural,Southeastern A Region,Reporting
Tchien District,Grand Gedeh,LBR-15-1508-04,Galapo Clinic,Private,Clinic,"[-8.129768,6.066202]",1508,Active,Private,Urband,Southeastern A Region,Reporting
Tchien District,Grand Gedeh,LBR-15-1508-07,Kannah  Clinic (PTP Refugee Clinic),Public,Clinic,"[-8.058803,6.025679]",1508,Active,GOL,Rural,Southeastern A Region,Reporting
Tchien District,Grand Gedeh,LBR-15-1508-03,Christ the King Clinic,Faith Based,Clinic,"[-8.137210,6.063360]",1508,Active,Donor,Urband,Southeastern A Region,Reporting
Tchien District,Grand Gedeh,LBR-15-1508-08,Kumah Town Clinic,Public,Clinic,"[-8.243710,5.936910]",1508,Active,GOL,Rural,Southeastern A Region,Reporting
Tchien District,Grand Gedeh,LBR-15-1508-09,Toffoi Town Clinic,Public,Clinic,"[-8.068330,5.953060]",1508,Active,GOL,Rural,Southeastern A Region,Reporting
Tewor District,Grand Cape Mount,LBR-12-1210-01,Richard and Hellen Devos Health Center,Faith Based,Health Center,"[-11.374275,7.015185]",1210,Active,Private,Rural,Northwestern Region,Reporting
Tewor District,Grand Cape Mount,LBR-12-1210-02,WAHO  Health Center,Public,Health Center,"[-11.372910,7.011110]",1210,Active,GOL,Rural,Northwestern Region,Reporting
Tewor District,Grand Cape Mount,LBR-12-1210-04,Fahnja Community Clinic,Public,Clinic,"[-11.262770,7.017510]",1210,Active,GOL,Rural,Northwestern Region,Reporting
Tewor District,Grand Cape Mount,LBR-12-1210-07,Jene-Wonde Clinic,Public,Clinic,"[-11.270280,7.080210]",1210,Active,GOL,Rural,Northwestern Region,Reporting
Tewor District,Grand Cape Mount,LBR-12-1210-08,Kulangor Community Clinic,Public,Clinic,"[-11.388210,6.922040]",1210,Active,GOL,Rural,Northwestern Region,Reporting
Tewor District,Grand Cape Mount,LBR-12-1210-11,Bangorma Community Clinic,Public,Clinic,"[-11.210280,7.083330]",1210,Active,GOL,Rural,Northwestern Region,Reporting
Tewor District,Grand Cape Mount,LBR-12-1210-09,Mambo Clinic,Public,Clinic,"[-11.295940,6.998700]",1210,Active,GOL,Rural,Northwestern Region,Reporting
Tewor District,Grand Cape Mount,LBR-12-1210-10,Tienni Clinic,Public,Clinic,"[-11.311870,6.968660]",1210,Active,GOL,Rural,Northwestern Region,Reporting
Tewor District,Grand Cape Mount,LBR-12-1210-06,Gonelor Community Clinic,Public,Clinic,"[-11.257830,7.039230]",1210,Active,GOL,Rural,Northwestern Region,Reporting
Tewor District,Grand Cape Mount,LBR-12-1210-05,Gondama Clinic,Public,Clinic,"[-11.355880,7.058650]",1210,Active,GOL,Rural,Northwestern Region,Reporting
Tewor District,Grand Cape Mount,LBR-12-1210-12,Diah Community Clinic,Public,Clinic,"[-11.349290,6.877140]",1210,Active,GOL,Rural,Northwestern Region,Reporting
Tewor District,Grand Cape Mount,LBR-12-1210-03,Tahn-Mafa Community Clinic,Public,Clinic,"[-11.224520,6.982440]",1210,Active,GOL,Rural,Northwestern Region,Reporting
Tienpo District,RiverGee,LBR-42-4205-01,Cheboken Clinic,Public,Clinic,"[-8.076850,5.265010]",4205,Active,GOL,Rural,Southeastern B Region,Reporting
Tienpo District,RiverGee,LBR-42-4205-02,Dartoken Clinic,Public,Clinic,"[-8.146383,5.185728]",4205,Active,GOL,Rural,Southeastern B Region,Reporting
Tienpo District,RiverGee,LBR-42-4205-03,Gmomaken Clinic,Public,Clinic,"[-8.110720,5.181938]",4205,Active,GOL,Rural,Southeastern B Region,Reporting
Todee District,Montserrado,LBR-30-3008-07,Yarkpa Town Clinic,Public,Clinic,"[-10.440730,6.478110]",3008,Active,GOL,Rural,South Central Region,Reporting
Todee District,Montserrado,LBR-30-3008-03,Goba Clinic,Public,Clinic,"[-10.441480,6.487560]",3008,Active,GOL,Rural,South Central Region,Reporting
Todee District,Montserrado,LBR-30-3008-02,Nyehn Health Center,Public,Health Center,"[-10.489330,6.547060]",3008,Active,GOL,Rural,South Central Region,Reporting
Todee District,Montserrado,LBR-30-3008-08,Yeagbah Town Clinic,Public,Clinic,"[-10.597257,6.660152]",3008,Active,GOL,Rural,South Central Region,Reporting
Todee District,Montserrado,LBR-30-3008-09,Zannah Town Clinic,Public,Clinic,"[-10.412220,6.714240]",3008,Active,GOL,Rural,South Central Region,Reporting
Todee District,Montserrado,LBR-30-3008-04,Koon Town Clinic,Public,Clinic,"[-10.540280,6.604170]",3008,Active,GOL,Rural,South Central Region,Reporting
Todee District,Montserrado,LBR-30-3008-05,Ma - Norwah Clinic,Private,Clinic,"[-10.374600,6.529310]",3008,Active,Private,Rural,South Central Region,Reporting
Todee District,Montserrado,LBR-30-3008-01,Bracket Christain Health Center,Faith Based,Health Center,"[-10.447110,6.503530]",3008,Active,Donor,Rural,South Central Region,Reporting
Todee District,Montserrado,LBR-30-3008-06,Pleemu Clinic,Public,Clinic,"[-10.432820,6.590370]",3008,Active,GOL,Rural,South Central Region,Reporting
Todee District,Montserrado,LBR-30-3008-10,Zingbor Town,Public,Clinic,"[-10.535970,6.540490]",3008,Active,GOL,Rural,South Central Region,Reporting
Trehn District,Grand Kru,LBR-18-1834-01,Behwan Health Center,Public,Health Center,"[-7.869860,4.638290]",1834,Active,GOL,Rural,Southeastern B Region,Reporting
Trehn District,Grand Kru,LBR-18-1834-02,Elizabeth Garwo Clinic,Private,Clinic,"[-7.877777,4.484627]",1834,Active,Private,Rural,Southeastern B Region,Reporting
Trehn District,Grand Kru,LBR-18-1834-03,Garraway Clinic,Public,Clinic,"[-7.933580,4.498710]",1834,Active,GOL,Rural,Southeastern B Region,Reporting
Trehn District,Grand Kru,LBR-18-1834-04,Gblebo Clinic,Public,Clinic,"[-7.955730,4.732640]",1834,Active,GOL,Rural,Southeastern B Region,Reporting
Trehn District,Grand Kru,LBR-18-1834-05,Genoyah Clinic,Public,Clinic,"[-7.924170,4.588910]",1834,Active,GOL,Rural,Southeastern B Region,Reporting
Trehn District,Grand Kru,LBR-18-1834-07,Newaken  Clinic,Public,Clinic,"[-7.932760,4.692540]",1834,Active,GOL,Rural,Southeastern B Region,Reporting
Trehn District,Grand Kru,LBR-18-1834-08,Nifa Clinic,Public,Clinic,"[-8.004763,4.528941]",1834,Active,GOL,Rural,Southeastern B Region,Reporting
Trehn District,Grand Kru,LBR-18-1834-09,Wilsonville Clinic,Public,Clinic,"[-7.879930,4.481440]",1834,Active,GOL,Rural,Southeastern B Region,Reporting
Trehn District,Grand Kru,LBR-18-1834-06,GVL Clinic,Concession,Clinic,"[-7.879930,4.481440]",1834,Active,Donor,Rural,Southeastern B Region,Reporting
Twah River District,Nimba,LBR-33-3310-01,Beo-Yoolar Clinic,Public,Clinic,"[-8.321370,7.048150]",3310,Active,GOL,Rural,North Central Region,Reporting
Twah River District,Nimba,LBR-33-3310-03,Garplay Clinic,Faith Based,Clinic,"[-8.463380,7.122520]",3310,Active,Donor,Rural,North Central Region,Reporting
Twah River District,Nimba,LBR-33-3310-04,Gbeivonwea Clinic,Public,Clinic,"[-8.416800,7.081620]",3310,Active,GOL,Rural,North Central Region,Reporting
Twah River District,Nimba,LBR-33-3310-05,Kpairplay Clinic,Public,Clinic,"[-8.551695,7.201077]",3310,Active,GOL,Rural,North Central Region,Reporting
Twah River District,Nimba,LBR-33-3310-06,Slangonplay Clinic,Public,Clinic,"[-8.466364,7.215153]",3310,Active,GOL,Rural,North Central Region,Reporting
Twah River District,Nimba,LBR-33-3310-07,Vayenglay Clinic,Public,Clinic,"[-8.562080,7.144460]",3310,Active,GOL,Rural,North Central Region,Reporting
Twah River District,Nimba,LBR-33-3310-02,Berh Lombaye Memorial clinic,Private,Clinic,"[-8.441690,7.171930]",3310,Active,Private,Rural,North Central Region,Reporting
Vahun District,Lofa,LBR-21-2108-02,Kaintahun Clinic,Public,Clinic,"[-10.214050,8.164160]",2108,Active,GOL,Rural,North Central Region,Reporting
Vahun District,Lofa,LBR-21-2108-05,Popalahun Clinic,Public,Clinic,"[-10.234010,8.175770]",2108,Active,GOL,Rural,North Central Region,Reporting
Vahun District,Lofa,LBR-21-2108-03,Kamatahun Clinic,Public,Clinic,"[-10.295930,8.136220]",2108,Active,GOL,Rural,North Central Region,Reporting
Vahun District,Lofa,LBR-21-2108-01,Vahun Health Center,Public,Health Center,"[-10.499680,8.062350]",2108,Active,GOL,Rural,North Central Region,Reporting
Vahun District,Lofa,LBR-21-2108-04,Lukasu Clinic,Public,Clinic,"[-10.241900,8.047350]",2108,Active,GOL,Rural,North Central Region,Reporting
Voinjama District,Lofa,LBR-21-2110-09,Kpotomai Clinic,Public,Clinic,"[-9.942570,8.223590]",2110,Active,GOL,Rural,North Central Region,Reporting
Voinjama District,Lofa,LBR-21-2110-10,Lawalzu Clinic,Public,Clinic,"[-9.844770,8.451380]",2110,Active,GOL,Rural,North Central Region,Reporting
Voinjama District,Lofa,LBR-21-2110-01,Tellewoyan Memorial Hospital,Public,Hospital,"[-9.747220,8.426160]",2110,Active,GOL,Urband,North Central Region,Reporting
Voinjama District,Lofa,LBR-21-2110-11,Sarkonnedu Clinic,Public,Clinic,"[-9.673240,8.461670]",2110,Active,GOL,Rural,North Central Region,Reporting
Voinjama District,Lofa,LBR-21-2110-02,Balakpalasu Clinic,Public,Clinic,"[-9.692510,8.168580]",2110,Active,GOL,Rural,North Central Region,Reporting
Voinjama District,Lofa,LBR-21-2110-12,Torbogizizu Clinic,Public,Clinic,"[-9.921860,8.473300]",2110,Active,GOL,Rural,North Central Region,Reporting
Voinjama District,Lofa,LBR-21-2110-03,Barkedu Clinic,Public,Clinic,"[-9.638200,8.293390]",2110,Active,GOL,Rural,North Central Region,Reporting
Voinjama District,Lofa,LBR-21-2110-13,Vezala Clinic,Public,Clinic,"[-9.902490,8.370360]",2110,Active,GOL,Rural,North Central Region,Reporting
Voinjama District,Lofa,LBR-21-2110-04,Bazagizia Clinic,Public,Clinic,"[-9.836790,8.358250]",2110,Active,GOL,Rural,North Central Region,Reporting
Voinjama District,Lofa,LBR-21-2110-07,Kpademai Clinic,Public,Clinic,"[-9.908460,8.212220]",2110,Active,GOL,Rural,North Central Region,Reporting
Voinjama District,Lofa,LBR-21-2110-14,Voinjama Free Pentecostal Clinic,Faith Based,Clinic,"[-9.755686,8.418389]",2110,Active,Donor,Urband,North Central Region,Reporting
Voinjama District,Lofa,LBR-21-2110-05,Bondi Clinic,Public,Clinic,"[-9.760020,8.269560]",2110,Active,GOL,Rural,North Central Region,Reporting
Voinjama District,Lofa,LBR-21-2110-06,Duogomai Clinic,Public,Clinic,"[-9.726940,8.195890]",2110,Active,GOL,Rural,North Central Region,Reporting
Voinjama District,Lofa,LBR-21-2110-15,Zenalormai Clinic,Public,Clinic,"[-9.836720,8.329580]",2110,Active,GOL,Rural,North Central Region,Reporting
Voinjama District,Lofa,LBR-21-2110-08,Kpakamai Clinic,Public,Clinic,"[-9.876640,8.296860]",2110,Active,GOL,Rural,North Central Region,Reporting
Voinjama District,Lofa,LBR-21-2110-16,Healing Hands clinic,Private,Clinic,"[-9.565056,8.421253]",2110,Active,Private,Urband,North Central Region,Reporting
Webbo District,RiverGee,LBR-42-4203-03,Nyenebo Clinic,Public,Clinic,"[-7.817270,4.903970]",4203,Active,GOL,Rural,Southeastern B Region,Reporting
Webbo District,RiverGee,LBR-42-4203-02,Nyaaken Clinic,Public,Clinic,"[-7.597120,4.851130]",4203,Active,GOL,Rural,Southeastern B Region,Reporting
Webbo District,RiverGee,LBR-42-4203-04,Tuobo Clinic,Public,Clinic,"[-7.659750,5.023310]",4203,Active,GOL,Rural,Southeastern B Region,Reporting
Webbo District,RiverGee,LBR-42-4203-01,Jimmyville Clinic,Public,Clinic,"[-7.621610,4.880470]",4203,Active,GOL,Rural,Southeastern B Region,Reporting
Yarnee District,RiverCess,LBR-36-3607-01,ITI Clinic,Public,Clinic,"[-9.323190,5.615840]",3607,Active,GOL,Rural,South Central Region,Reporting
Yarnee District,RiverCess,LBR-36-3607-03,Po-River Medical Clinic,Faith Based,Clinic,"[-9.511535,5.392169]",3607,Active,Donor,Rural,South Central Region,Reporting
Yarnee District,RiverCess,LBR-36-3607-02,Klaygbae Clinic,Public,Clinic,"[-9.581170,5.470626]",3607,Active,GOL,Rural,South Central Region,Reporting
Yarwein Mehnsohnneh District,Nimba,LBR-33-3326-02,Boyee Clinic,Public,Clinic,"[-9.118033,6.450567]",3326,Active,GOL,Rural,North Central Region,Reporting
Yarwein Mehnsohnneh District,Nimba,LBR-33-3326-01,Zekepa Health Center,Public,Health Center,"[-9.116830,6.646030]",3326,Active,GOL,Rural,North Central Region,Reporting
Yarwein Mehnsohnneh District,Nimba,LBR-33-3326-03,Kwendin Clinic,Public,Clinic,"[-8.948900,6.454530]",3326,Active,GOL,Rural,North Central Region,Reporting
Yarwein Mehnsohnneh District,Nimba,LBR-33-3326-04,Menhla Clinic,Public,Clinic,"[-8.978040,6.815740]",3326,Active,GOL,Rural,North Central Region,Reporting
Yarwein Mehnsohnneh District,Nimba,LBR-33-3326-06,Zahnzayee Community Clinic,Private,Clinic,"[-9.091944,6.508056]",3326,Active,Private,Rural,North Central Region,Reporting
Yarwein Mehnsohnneh District,Nimba,LBR-33-3326-05,Yarwinmehnsonnoh Fundamental Baptist Church Clinic,Faith Based,Clinic,"[-9.092500,6.509167]",3326,Active,Donor,Rural,North Central Region,Reporting
Zoe-Geh District,Nimba,LBR-33-3324-01,Bahn Health Center,Public,Health Center,"[-8.730190,7.029490]",3324,Active,GOL,Rural,North Central Region,Reporting
Zoe-Geh District,Nimba,LBR-33-3324-02,Beadatuo Clinic,Public,Clinic,"[-8.597840,6.990400]",3324,Active,GOL,Rural,North Central Region,Reporting
Zoe-Geh District,Nimba,LBR-33-3324-03,Gblonlay Clinic,Public,Clinic,"[-8.734900,7.112820]",3324,Active,GOL,Rural,North Central Region,Reporting
Zoe-Geh District,Nimba,LBR-33-3324-05,ULIC Bahn Mission Clinic,Faith Based,Clinic,"[-8.724270,7.020920]",3324,Active,Donor,Rural,North Central Region,Reporting
Zoe-Geh District,Nimba,LBR-33-3324-06,Weato Memorial Clinic,Private,Clinic,"[-8.598118,7.124740]",3324,Active,Private,Rural,North Central Region,Reporting
Zoe-Geh District,Nimba,LBR-33-3324-04,Payee Community Clinic,Public,Clinic,"[-8.734900,7.112820]",3324,Active,GOL,Rural,North Central Region,Reporting
Zoe-Geh District,Nimba,LBR-33-3324-07,Wehplay Clinic,Public,Clinic,"[-8.628180,7.077780]",3324,Active,GOL,Rural,North Central Region,Reporting
Zoe-Geh District,Nimba,LBR-33-3324-08,Mother Youhn Zayguah Gbor Midwifery clinic,Private,Clinic,"[-8.782510,7.016840]",3324,Active,Private,Rural,North Central Region,Reporting
Zoe-Geh District,Nimba,LBR-33-3324-09,Turpoe Monseh Soko Memorial clinic,Private,Clinic,"[-8.782510,7.016840]",3324,Active,Private,Rural,North Central Region,Reporting
Zorzor District,Lofa,LBR-21-2112-02,Konia Health Center,Public,Health Center,"[-9.549160,7.962580]",2112,Active,GOL,Rural,North Central Region,Reporting
Zorzor District,Lofa,LBR-21-2112-06,Fissibu Clinic,Public,Clinic,"[-9.468250,7.823580]",2112,Active,GOL,Rural,North Central Region,Reporting
Zorzor District,Lofa,LBR-21-2112-03,Balagwalazu Clinic,Public,Clinic,"[-9.716390,7.796670]",2112,Active,GOL,Rural,North Central Region,Reporting
Zorzor District,Lofa,LBR-21-2112-04,Barziwen Clinic,Public,Clinic,"[-9.647840,8.153310]",2112,Active,GOL,Rural,North Central Region,Reporting
Zorzor District,Lofa,LBR-21-2112-05,Borkeza Clinic,Public,Clinic,"[-9.458740,7.907400]",2112,Active,GOL,Rural,North Central Region,Reporting
Zorzor District,Lofa,LBR-21-2112-07,Luyeama Clinic,Public,Clinic,"[-9.634990,8.069240]",2112,Active,GOL,Rural,North Central Region,Reporting
Zorzor District,Lofa,LBR-21-2112-01,Curran Lutheran Hospital,Faith Based,Hospital,"[-9.432620,7.775040]",2112,Active,Donor,Rural,North Central Region,Reporting
Zorzor District,Lofa,LBR-21-2112-08,Yeala Clinic,Public,Clinic,"[-9.400740,7.822800]",2112,Active,GOL,Rural,North Central Region,Reporting
Zorzor District,Lofa,LBR-21-2112-09,Zolowo Clinic,Public,Clinic,"[-9.538630,7.652790]",2112,Active,GOL,Rural,North Central Region,Reporting
Zorzor District,Lofa,LBR-21-2112-10,ZRTTI Clinic,Public,Clinic,"[-9.466267,7.814139]",2112,Active,GOL,Rural,North Central Region,Reporting
Zorzor District,Lofa,LBR-21-2112-12,Zorzor Medical &  Laboratory clinic (Monrovia. highway),Private,Clinic,"[-9.257071,7.590433]",2112,Active,Private,Rural,North Central Region,Reporting
Zorzor District,Lofa,LBR-21-2112-11,Hope clinic (Yeala road) p,Private,Clinic,"[-9.255470,7.603650]",2112,Active,Private,Urband,North Central Region,Reporting
Zorzor District,Lofa,LBR-21-2112-13,Zorzor Medical & Laboratory clinic -Annex (Boi town),Private,Clinic,"[-9.257071,7.579530]",2112,Active,Private,Rural,North Central Region,Reporting
Zorzor District,Lofa,LBR-21-2112-14,Nekeborzu clinic,Public,Clinic,"[-9.370602,9.048333]",2112,Active,GOL,Rural,North Central Region,Reporting
Zota,Bong,LBR-06-0616-03,Gbansuslomah Clinic,Public,Clinic,"[-9.615790,7.234620]",0616,Active,GOL,Rural,North Central Region,Reporting
Zota,Bong,LBR-06-0616-04,Naama Clinic,Public,Clinic,"[-9.351270,7.261550]",0616,Active,GOL,Rural,North Central Region,Reporting
Zota,Bong,LBR-06-0616-01,Belefanai Health Center,Public,Health Center,"[-9.436120,7.261780]",0616,Active,GOL,Rural,North Central Region,Reporting
Zota,Bong,LBR-06-0616-02,Gbalatuah Clinic,Public,Clinic,"[-9.511110,7.312210]",0616,Active,GOL,Rural,North Central Region,Reporting
Zota,Bong,LBR-06-0616-05,Shankpallai Clinic,Public,Clinic,"[-9.335550,7.371520]",0616,Active,GOL,Rural,North Central Region,Reporting
Zota,Bong,LBR-06-0616-06,Yoewee Clinic,Public,Clinic,"[-9.310647,7.184770]",0616,Active,GOL,Rural,North Central Region,Reporting